sales_id;customer_id;product_id;sale_date;quantity;unit_price;unit_cost;sales_channel
1;361;26;2025-05-27;5;163.95;128.56;Store
2;113;10;2025-12-09;2;996.87;611.45;Partner
3;291;24;2025-12-17;1;436.35;344.69;Online
4;88;16;2025-07-30;3;647.18;335.76;Online
5;213;10;2025-07-12;1;867.95;605.18;Online
6;29;7;2025-02-08;4;1149.11;735.57;Online
7;57;6;2025-04-04;3;834.48;669.96;Online
8;462;18;2025-10-21;1;1192.49;690.65;Store
9;115;14;2025-09-04;2;1300.05;771.53;Partner
10;64;1;2025-07-20;1;153.11;92.27;Online
11;449;7;2025-10-23;3;1183.37;770.59;Partner
12;436;15;2025-07-24;1;1322.37;633.22;Online
13;367;2;2025-02-08;1;1438.33;679.06;Online
14;272;20;2025-04-01;2;94.97;51.74;Store
15;23;4;2025-11-12;2;1348.6;624.47;Online
16;433;7;2025-07-29;2;1121.03;744.99;Store
17;284;28;2025-06-09;1;1276.55;588.69;Partner
18;260;29;2025-07-05;1;864.02;598.19;Partner
19;117;30;2025-03-11;2;1147.25;657.04;Store
20;470;19;2025-06-25;2;593.33;445.96;Store
21;355;3;2025-09-14;3;115.02;88.69;Online
22;273;10;2025-12-05;5;956.03;582.72;Online
23;189;7;2025-09-23;2;1227.03;778.75;Online
24;474;26;2025-08-28;2;183.69;125.65;Store
25;239;28;2025-02-15;1;1227.07;635.68;Online
26;226;3;2025-09-02;3;105.3;85.86;Online
27;378;23;2025-02-21;1;1268.36;846.73;Online
28;159;26;2025-01-13;2;186.78;129.8;Online
29;177;27;2025-09-09;2;754.07;503.88;Store
30;67;2;2025-07-17;1;1298.69;702.7;Online
31;271;16;2025-04-09;1;603.57;332.24;Online
32;165;20;2025-10-05;1;82.8;49.49;Online
33;162;12;2025-10-07;4;250.41;215.65;Store
34;73;1;2025-08-19;2;139.03;91.34;Online
35;49;24;2025-11-01;5;412.65;346.16;ONLINE
36;452;9;2025-10-08;4;1407.75;737.3;Partner
37;369;2;2025-05-14;2;1398.16;686.24;Online
38;46;30;2025-03-11;1;1228.98;656.68;Online
39;2;15;2025-02-25;5;1321.82;621.62;Online
40;363;29;2025-12-26;1;826.35;558.01;Online
41;5;28;2025-09-24;2;1285.23;600.37;Online
42;364;26;2025-03-01;2;166.26;131.88;Online
43;165;16;2025-11-29;5;621.47;324.08;Online
44;202;12;2025-07-25;1;264.03;209.7;Store
45;187;8;2025-07-04;1;820.48;422.24;Online
46;327;11;2025-02-06;4;702.84;406.69;Partner
47;215;11;2025-09-28;1;693.39;403.72;Online
48;340;23;2025-05-06;1;1376.96;852.68;Store
49;76;22;2025-06-01;3;1067.46;671.2;Online
50;56;16;2025-10-29;2;620.48;332.21;Online
51;37;28;2025-08-09;1;1090.48;593.07;Online
52;168;9;2025-10-28;1;1322.2;695.72;Online
53;210;12;2025-12-24;1;248.16;208.14;Online
54;113;7;2025-04-17;4;1236.71;790.52;Online
55;400;16;2025-12-07;1;689.55;336.16;Store
56;240;27;2025-03-03;2;842.73;530.7;Online
57;35;28;2025-06-29;1;1290.07;625.15;Online
58;139;20;2025-02-18;1;94.87;51.7;Store
59;260;26;2025-05-08;1;166.15;127.4;Online
60;330;14;2025-06-18;1;1379.55;748.99;Store
61;93;9;2025-11-11;5;1357.73;703.33;Online
62;26;13;2025-06-20;1;1363.23;760.18;Online
63;305;17;2025-07-21;2;862.0;607.2;Partner
64;4;24;2025-07-01;5;477.41;333.67;Online
65;280;6;2025-03-24;4;881.8;680.87;Partner
66;471;4;2025-05-09;2;1376.05;615.04;Store
67;91;25;2025-01-05;1;681.2;419.06;Store
68;190;4;2025-05-26;5;1416.57;621.46;Online
69;61;18;2025-05-02;3;1112.11;690.7;Online
70;361;30;2025-10-06;2;1320.68;638.44;Partner
71;461;3;2025-11-24;1;116.56;92.03;Online
72;164;11;2025-09-07;2;683.8;405.9;Partner
73;430;8;2025-06-24;3;778.65;399.94;Store
74;52;11;2025-08-03;3;644.41;430.95;Store
75;202;27;2025-06-28;1;779.39;512.73;Online
76;234;9;2025-11-02;1;1343.9;699.2;Online
77;95;6;2025-09-12;1;888.35;687.72;Online
78;347;17;2025-12-31;4;798.06;623.42;Partner
79;150;16;2025-02-14;5;691.83;317.75;Online
80;496;21;2025-07-16;5;1724.9;812.24;Online
81;16;4;2025-09-15;4;1326.26;648.59;Store
82;300;19;2025-12-05;2;612.2;470.98;Store
83;23;2;2025-02-06;2;1317.37;726.14;Store
84;245;13;2025-01-08;1;1323.95;794.36;Online
85;346;3;2025-06-30;5;113.4;86.77;Online
86;98;30;2025-03-02;3;1263.48;629.59;Online
87;348;2;2025-01-27;3;1275.09;678.3;Store
88;495;29;2025-04-25;4;821.63;576.07;Online
89;47;10;2025-10-15;2;907.18;593.41;Partner
90;309;30;2025-10-29;1;1214.17;623.16;Online
91;74;9;2025-04-11;1;1439.67;712.85;Partner
92;422;1;2025-12-14;1;140.5;88.85;Online
93;199;30;2025-05-01;1;1173.44;643.06;Online
94;417;18;2025-02-26;2;1188.13;689.7;Online
95;48;21;2025-03-18;4;1697.71;843.81;Online
96;163;6;2025-09-12;1;903.8;682.22;Store
97;1;2;2025-12-28;4;1468.65;683.0;Online
98;445;2;2025-07-18;4;1321.88;708.69;Online
99;143;24;2025-11-20;2;450.62;356.7;Online
100;287;25;2025-12-11;1;677.06;440.3;Store
101;460;21;2025-10-06;1;1712.71;830.44;Online
102;133;14;2025-06-06;1;1357.94;738.59;Online
103;21;5;2025-10-22;4;1294.64;652.17;Store
104;484;26;2025-02-05;1;162.33;123.28;Online
105;148;23;2025-03-06;5;1201.58;840.35;Online
106;425;18;2025-05-06;4;1095.6;682.52;Store
107;99;30;2025-12-21;1;1171.56;620.29;Online
108;306;18;2025-03-22;4;1173.55;732.11;Store
109;102;8;2025-07-12;2;812.84;409.51;Partner
110;270;21;2025-11-28;5;1712.2;841.8;Online
111;175;4;2025-05-23;1;1330.92;615.47;Partner
112;382;4;2025-02-05;1;1386.38;616.96;Partner
113;465;22;2025-02-08;1;1015.38;686.82;Store
114;30;25;2025-11-22;3;690.06;421.22;Store
115;96;29;2025-01-22;2;849.67;573.84;Store
116;191;30;2025-07-01;1;1174.38;641.33;Online
117;420;18;2025-01-22;1;1104.52;714.7;Store
118;173;20;2025-08-15;3;92.81;51.66;Store
119;474;17;2025-01-10;2;758.17;608.01;Online
120;489;27;2025-07-22;3;746.81;521.92;Online
121;8;23;2025-11-25;4;1327.83;830.12;Online
122;364;14;2025-11-02;4;1461.44;754.64;Online
123;166;2;2025-10-13;1;1311.7;698.91;Partner
124;191;16;2025-12-26;1;612.12;325.04;Store
125;428;12;2025-11-02;4;269.57;208.5;Store
126;451;29;2025-03-10;2;760.44;596.05;Partner
127;325;16;2025-12-28;2;624.4;337.59;Online
128;99;2;2025-08-17;3;1496.74;724.4;Online
129;423;2;2025-08-07;5;1493.45;707.8;Store
130;441;14;2025-09-07;2;1311.85;729.39;Online
131;159;26;2025-05-12;1;164.65;128.76;Online
132;176;5;2025-05-26;2;1242.21;678.36;Partner
133;218;5;2025-12-18;5;1361.94;689.16;Store
134;270;19;2025-08-14;3;605.58;440.98;Partner
135;455;18;2025-03-05;4;1099.17;682.61;Online
136;159;16;2025-01-01;2;639.23;322.74;Online
137;444;12;2025-01-18;5;241.17;212.06;Online
138;276;17;2025-03-30;2;836.11;641.2;Online
139;275;21;2025-12-29;1;1664.9;836.9;Online
140;408;19;2025-08-13;3;611.39;459.14;Store
141;162;12;2025-06-23;1;237.88;217.77;Partner
142;189;1;2025-08-29;2;149.26;94.29;Online
143;80;19;2025-04-06;3;622.97;444.82;Partner
144;191;1;2025-04-15;4;132.28;89.69;Online
145;301;14;2025-11-13;1;1323.38;750.54;Online
146;428;24;2025-08-21;5;462.68;333.18;Online
147;367;28;2025-07-01;1;1167.26;633.51;Partner
148;219;13;2025-11-02;3;1352.21;797.43;Online
149;51;5;2025-06-18;2;1211.84;680.48;Online
150;152;27;2025-12-03;4;803.87;529.33;Online
151;68;15;2025-04-20;1;1412.1;656.73;Partner
152;176;27;2025-11-28;5;766.37;535.85;Online
153;75;13;2025-09-18;2;1324.81;768.65;Online
154;497;3;2025-08-03;2;115.76;89.8;Online
155;93;13;2025-03-30;2;1292.8;801.74;Online
156;357;22;2025-10-29;4;995.14;699.27;Online
157;415;27;2025-05-04;3;847.25;524.88;Store
158;34;30;2025-03-06;2;1307.89;651.72;Online
159;456;28;2025-03-18;2;1200.42;592.96;Online
160;158;26;2025-09-09;2;169.75;125.69;Online
161;282;25;2025-05-23;5;628.26;429.76;Online
162;151;19;2025-07-26;2;575.46;457.52;Store
163;114;16;2025-02-14;2;694.63;335.67;Online
164;328;25;2025-08-01;4;638.24;430.03;Online
165;392;23;2025-05-12;1;1345.77;808.17;Online
166;83;29;2025-05-22;2;880.42;598.95;Store
167;90;5;2025-10-20;4;1166.95;665.97;Store
168;426;21;2025-09-03;2;1703.31;860.07;Store
169;11;15;2025-07-05;5;1264.53;623.62;Store
170;401;30;2025-01-27;1;1184.69;621.07;Store
171;481;7;2025-05-02;2;1236.72;735.03;Online
172;259;16;2025-12-03;4;641.03;326.92;Online
173;128;23;2025-11-04;4;1222.71;817.2;Partner
174;450;1;2025-09-16;1;144.32;90.7;Online
175;297;14;2025-10-19;1;1413.46;765.8;Online
176;495;3;2025-04-21;4;102.16;90.74;Online
177;237;24;2025-03-06;1;425.7;343.32;Online
178;473;7;2025-01-13;3;1205.94;739.18;Partner
179;203;24;2025-11-27;4;466.32;348.14;Online
180;219;20;2025-10-02;5;84.18;49.76;Online
181;296;29;2025-07-04;2;851.27;592.29;Partner
182;143;5;2025-04-20;4;1358.56;647.65;Store
183;302;11;2025-08-28;3;695.76;408.2;Online
184;238;4;2025-10-15;1;1356.62;629.81;Online
185;381;21;2025-03-29;3;1749.63;868.23;Online
186;270;26;2025-09-16;1;180.28;133.23;Store
187;41;18;2025-07-12;3;1094.43;720.12;Store
188;169;30;2025-01-04;2;1143.57;644.18;Online
189;139;8;2025-08-22;1;877.23;404.71;Online
190;11;2;2025-03-15;4;1433.96;680.26;Online
191;239;17;2025-07-10;1;829.36;615.92;Partner
192;377;9;2025-09-04;3;1267.6;738.81;Partner
193;465;23;2025-01-21;2;1241.88;844.56;Store
194;65;7;2025-11-11;2;1130.83;784.34;Store
195;177;20;2025-12-14;3;86.89;49.99;Online
196;96;24;2025-05-19;2;445.67;336.47;Online
197;186;18;2025-11-20;1;1037.21;725.07;Online
198;312;12;2025-04-12;2;270.12;212.08;Store
199;137;29;2025-06-19;3;815.82;588.03;Online
200;490;13;2025-09-07;2;1318.84;757.24;Online
201;418;4;2025-11-04;2;1337.76;659.05;Online
202;376;19;2025-11-22;2;536.4;449.44;Online
203;441;7;2025-02-13;1;1118.49;766.33;Online
204;63;5;2025-03-13;1;1282.89;662.56;Online
205;166;7;2025-05-30;1;1226.79;740.85;Online
206;97;5;2025-11-19;5;1298.12;677.52;Partner
207;367;3;2025-05-24;5;102.71;89.75;Online
208;63;12;2025-06-09;5;240.1;223.6;Online
209;334;20;2025-04-20;5;83.5;52.19;Online
210;307;22;2025-11-15;1;987.96;689.07;Online
211;166;5;2025-10-28;1;1351.16;646.88;Store
212;390;30;2025-07-22;1;1165.35;648.15;Online
213;85;18;2025-04-04;3;1140.91;702.45;Store
214;258;18;2025-07-30;1;1135.96;731.51;Store
215;394;15;2025-09-27;1;1230.84;627.39;Online
216;78;30;2025-11-01;1;1308.1;622.55;Online
217;373;13;2025-02-15;1;1434.21;810.08;Store
218;466;5;2025-02-04;4;1192.89;693.64;Online
219;99;11;2025-09-09;1;634.36;407.81;Partner
220;74;24;2025-08-28;5;418.88;345.91;Online
221;464;17;2025-05-04;1;784.36;622.75;Online
222;128;15;2025-03-14;3;1240.73;662.18;Online
223;201;25;2025-03-12;3;704.88;434.54;Store
224;88;19;2025-10-30;1;544.58;462.4;Online
225;373;8;2025-07-01;1;850.19;403.94;Store
226;303;24;2025-12-05;4;435.45;344.73;Online
227;25;15;2025-10-29;3;1259.89;664.65;Online
228;310;25;2025-08-22;2;649.18;435.54;Online
229;199;24;2025-08-28;2;419.67;331.96;Store
230;130;9;2025-04-26;5;1439.19;724.25;Online
231;439;22;2025-10-08;5;911.52;670.37;Online
232;200;12;2025-05-08;3;254.76;216.34;Online
233;208;5;2025-05-23;1;1352.35;677.1;Online
234;235;24;2025-05-18;1;431.03;336.06;Partner
235;65;22;2025-09-19;2;896.54;662.73;Store
236;449;12;2025-03-28;5;267.85;214.23;Store
237;106;30;2025-03-06;2;1270.47;660.53;Online
238;104;27;2025-06-28;1;825.94;529.74;Store
239;433;15;2025-06-18;2;1246.22;625.91;Online
240;116;18;2025-10-20;2;1072.89;731.56;Online
241;36;14;2025-11-30;2;1327.33;767.28;Online
242;159;1;2025-07-13;5;150.89;93.54;Store
243;6;28;2025-08-29;1;1209.94;617.34;Online
244;120;7;2025-03-24;1;1170.23;781.58;Store
245;270;10;2025-12-06;1;910.81;591.01;Partner
246;196;27;2025-03-03;5;854.55;537.2;Online
247;451;2;2025-04-07;1;1359.88;692.44;Online
248;470;29;2025-03-22;1;892.59;588.63;Store
249;30;21;2025-07-31;1;1782.46;818.48;Partner
250;141;10;2025-09-06;1;952.47;596.13;Online
251;238;19;2025-02-25;1;603.81;450.21;Online
252;326;5;2025-12-02;1;1233.96;669.21;Online
253;342;6;2025-04-11;2;812.11;704.25;Partner
254;63;13;2025-03-27;5;1266.17;753.44;Store
255;254;23;2025-07-28;4;1204.33;842.24;Online
256;9;10;2025-08-06;1;998.56;568.48;Store
257;203;20;2025-01-13;3;93.93;51.93;Online
258;169;1;2025-03-02;2;139.26;89.17;Online
259;242;10;2025-01-17;1;846.63;608.23;Online
260;389;30;2025-02-13;5;1161.31;650.21;Store
261;33;21;2025-03-26;1;1642.3;811.16;Store
262;149;30;2025-08-29;3;;663.87;Store
263;171;2;2025-02-16;4;1353.63;678.27;Online
264;313;29;2025-10-05;1;824.53;561.81;Online
265;496;3;2025-12-09;3;115.31;86.37;Online
266;146;6;2025-08-10;1;877.09;704.86;Store
267;380;12;2025-04-04;2;237.62;209.24;Partner
268;269;23;2025-04-24;5;1402.21;833.91;Partner
269;425;13;2025-02-01;1;1257.59;757.56;Online
270;314;11;2025-03-05;3;729.58;419.09;Online
271;427;23;2025-04-03;1;1194.25;809.84;Online
272;418;9;2025-07-16;4;1438.67;724.1;Online
273;395;25;2025-12-25;3;643.19;432.24;Online
274;85;14;2025-03-28;1;1410.65;729.58;Online
275;8;4;2025-06-13;5;1274.28;630.0;Online
276;329;27;2025-12-12;2;864.32;509.92;Online
277;442;17;2025-04-19;1;858.83;637.74;Online
278;61;30;2025-07-06;2;1189.33;638.77;Online
279;138;25;2025-02-02;1;656.83;429.44;Online
280;3;3;2025-02-27;3;100.19;88.72;Online
281;32;7;2025-07-02;1;1191.11;791.92;Online
282;470;29;2025-04-25;2;846.37;586.3;Store
283;278;25;2025-03-07;2;;421.27;Online
284;318;20;2025-06-23;1;86.98;48.88;Online
285;420;20;2025-01-12;3;89.3;48.86;Online
286;232;11;2025-08-15;3;703.71;415.84;Online
287;6;29;2025-05-16;4;825.32;575.76;Online
288;68;29;2025-06-23;1;790.26;599.52;Store
289;168;2;2025-12-03;1;1270.77;711.56;Online
290;59;29;2025-10-22;5;832.46;582.04;Online
291;243;2;2025-03-12;3;1289.41;682.81;Online
292;164;1;2025-12-21;2;148.17;94.1;Store
293;101;26;2025-12-07;2;183.6;128.34;Online
294;34;29;2025-06-26;1;756.84;564.96;Online
295;94;11;2025-05-02;2;740.89;409.28;Online
296;94;11;2025-09-28;4;652.18;403.05;Online
297;226;21;2025-10-30;4;1765.07;857.52;Online
298;446;1;2025-07-11;1;131.32;90.66;Online
299;150;11;2025-07-26;2;691.68;421.98;Store
300;431;10;2025-03-07;1;932.09;593.33;Online
301;345;10;2025-08-03;3;942.16;571.81;Online
302;2;27;2025-07-12;1;855.25;504.31;Online
303;363;13;2025-08-12;1;1462.3;778.95;Partner
304;17;9;2025-02-20;4;1478.04;716.27;Online
305;282;21;2025-12-19;2;1873.71;835.27;Online
306;440;5;2025-05-25;3;1377.98;646.56;Store
307;432;28;2025-11-07;1;1105.24;621.37;Store
308;426;3;2025-07-12;4;108.81;91.75;Store
309;409;25;2025-05-31;2;650.0;427.43;Online
310;395;20;2025-12-31;1;90.73;48.72;Online
311;309;7;2025-06-08;2;1195.79;737.76;Store
312;142;26;2025-07-02;1;177.82;127.28;Online
313;177;16;2025-09-05;1;701.66;340.33;Store
314;364;17;2025-03-07;2;885.08;606.77;Online
315;76;17;2025-12-28;1;789.94;594.96;Store
316;158;8;2025-10-05;1;774.68;410.65;Store
317;75;11;2025-01-08;3;725.41;410.45;Store
318;19;21;2025-10-24;2;1584.88;808.4;Partner
319;318;24;2025-04-18;5;482.5;330.36;Store
320;129;14;2025-06-22;4;1283.93;740.82;Store
321;46;24;2025-01-26;2;434.79;338.24;Partner
322;408;14;2025-07-03;2;1419.08;748.06;Online
323;345;13;2025-10-22;4;1460.78;808.5;Online
324;142;14;2025-05-05;3;1489.93;757.22;Store
325;100;23;2025-03-21;3;1362.96;805.14;Online
326;148;18;2025-12-29;1;1193.91;716.22;Online
327;286;25;2025-03-26;3;710.67;423.58;Store
328;451;13;2025-12-21;2;1242.72;790.71;Store
329;15;18;2025-09-29;2;1184.8;720.23;Online
330;260;29;2025-08-08;3;896.74;598.24;Partner
331;446;23;2025-12-01;2;1230.88;826.99;Store
332;264;16;2025-08-11;4;612.57;326.15;Online
333;496;13;2025-09-05;1;1279.42;802.65;Online
334;243;2;2025-12-24;1;1380.21;687.22;Store
335;150;24;2025-08-10;1;457.88;334.0;Online
336;171;27;2025-09-25;2;859.6;506.85;Online
337;327;15;2025-06-03;2;1444.09;620.78;Store
338;230;26;2025-08-25;2;168.22;128.47;Online
339;20;24;2025-12-09;2;484.37;346.74;Online
340;261;22;2025-08-09;2;1052.18;662.74;Partner
341;161;25;2025-10-14;4;677.69;438.64;Online
342;90;23;2025-12-31;1;1261.92;820.62;Online
343;300;12;2025-02-21;4;244.95;219.31;Online
344;23;23;2025-08-17;4;1283.7;838.68;Partner
345;450;25;2025-12-29;2;677.85;436.68;Online
346;223;25;2025-01-23;1;716.38;413.25;Online
347;238;30;2025-07-27;4;1322.94;662.18;Online
348;341;9;2025-04-07;1;1375.97;697.25;Partner
349;387;1;2025-07-02;1;136.55;89.72;Online
350;179;20;2025-05-26;1;92.39;52.06;Store
351;288;21;2025-06-10;1;1633.48;827.38;Partner
352;254;19;2025-03-31;1;580.85;470.73;Store
353;171;17;2025-10-11;5;840.24;626.13;Online
354;102;4;2025-10-03;5;1347.54;633.05;Store
355;153;2;2025-07-27;4;1317.47;723.02;Online
356;323;9;2025-09-18;1;1452.22;694.79;Online
357;336;23;2025-04-12;1;1280.85;807.65;Store
358;382;9;2025-12-11;1;1329.45;696.29;Online
359;437;3;2025-07-03;1;106.78;91.55;Online
360;111;7;2025-11-30;5;1216.49;775.44;Online
361;126;13;2025-05-04;1;1273.44;774.31;Online
362;442;11;2025-11-05;2;669.14;411.04;Store
363;393;27;2025-05-17;1;815.03;509.03;Online
364;31;23;2025-01-01;1;1289.22;823.31;Online
365;381;3;2025-08-06;1;116.99;89.69;Online
366;343;2;2025-03-28;2;1287.08;708.37;Store
367;496;13;2025-04-14;1;1253.94;752.31;Online
368;373;27;2025-02-01;1;815.39;525.69;Online
369;41;5;2025-08-30;1;1309.87;668.41;Store
370;359;27;2025-03-09;4;874.68;528.57;Store
371;449;25;2025-05-20;3;715.88;441.94;Online
372;83;20;2025-07-26;2;96.16;50.23;Store
373;390;24;2025-11-09;5;430.64;349.1;Store
374;273;29;2025-03-19;5;836.46;580.33;Online
375;365;30;2025-03-22;1;1288.42;654.31;Online
376;323;7;2025-06-19;1;1209.77;765.22;Online
377;56;22;2025-03-16;1;1047.31;669.48;Online
378;429;3;2025-09-29;2;107.42;90.65;Online
379;187;11;2025-06-25;1;666.92;430.22;Online
380;76;30;2025-06-24;1;1149.48;626.6;Online
381;213;24;2025-11-01;2;437.63;347.81;Store
382;328;29;2025-05-16;5;852.04;591.23;Store
383;178;15;2025-07-02;3;1229.05;653.43;Partner
384;331;3;2025-06-29;4;116.63;86.95;Online
385;345;28;2025-03-13;5;1108.94;604.74;Store
386;7;7;2025-09-08;1;1042.69;743.59;Online
387;60;20;2025-07-18;3;95.0;50.16;Online
388;66;1;2025-04-10;1;138.21;89.57;Online
389;26;5;2025-06-15;3;1300.8;694.83;online
390;469;18;2025-11-03;1;1136.14;685.37;Online
391;156;12;2025-12-28;2;245.99;218.3;Store
392;317;24;2025-06-02;3;453.61;330.65;Store
393;184;17;2025-04-15;1;790.73;640.49;Store
394;307;15;2025-06-04;2;1307.52;638.83;Online
395;40;14;2025-09-18;3;1292.16;771.07;Online
396;179;21;2025-11-11;3;1784.36;846.5;Partner
397;445;16;2025-05-17;3;681.61;322.38;Online
398;265;13;2025-07-04;1;1330.6;774.99;Store
399;132;7;2025-05-19;4;1125.76;777.06;Online
400;8;15;2025-10-23;1;1368.84;632.41;Partner
401;278;10;2025-04-12;2;879.06;594.43;Online
402;71;12;2025-11-04;1;238.4;208.65;Partner
403;321;13;2025-03-17;1;1471.31;752.02;Online
404;179;22;2025-07-10;5;1019.02;677.77;Partner
405;114;2;2025-07-31;5;1472.04;729.98;Online
406;257;5;2025-11-04;3;1275.32;672.88;Partner
407;475;19;2025-09-29;1;575.6;445.23;Online
408;215;5;2025-09-26;4;1317.66;673.26;Online
409;253;21;2025-02-05;4;1854.34;842.44;Store
410;79;16;2025-01-11;2;700.15;326.3;Online
411;90;10;2025-05-28;2;925.57;596.31;Online
412;245;7;2025-11-12;4;1107.4;790.18;Online
413;158;17;2025-04-01;2;862.68;601.42;Partner
414;327;16;2025-10-16;2;658.98;317.16;Online
415;35;8;2025-06-13;1;865.07;415.03;Online
416;180;3;2025-12-05;1;102.46;89.64;Online
417;107;27;2025-04-28;1;746.91;533.55;Online
418;58;13;2025-05-03;5;1469.26;795.05;Online
419;24;18;2025-03-15;5;1211.91;687.87;Online
420;170;10;2025-07-12;1;949.83;578.28;Online
421;168;3;2025-06-04;2;101.83;88.4;Online
422;315;29;2025-07-29;1;828.94;562.87;Online
423;313;7;2025-11-28;1;1065.97;764.18;Store
424;186;3;2025-08-06;2;109.91;87.01;Online
425;110;3;2025-06-08;1;107.73;92.33;Partner
426;441;30;2025-07-18;2;1147.8;630.4;Online
427;122;1;2025-09-02;1;141.76;90.74;Online
428;323;22;2025-04-08;1;1043.07;665.78;Online
429;284;6;2025-01-25;2;815.72;675.27;Store
430;144;8;2025-12-30;1;906.75;400.08;Online
431;127;17;2025-08-25;1;808.68;598.91;Store
432;448;7;2025-12-24;1;1101.16;788.94;Store
433;127;29;2025-06-08;3;849.46;575.8;Partner
434;195;16;2025-03-07;1;674.07;330.46;Online
435;31;12;2025-08-28;1;271.55;213.07;Store
436;448;14;2025-07-08;4;1315.78;778.8;Online
437;262;8;2025-08-30;1;808.04;410.73;Store
438;221;29;2025-03-08;3;832.62;574.36;Store
439;159;26;2025-03-09;1;186.79;127.2;Store
440;243;30;2025-09-28;3;1165.46;643.69;Online
441;68;24;2025-08-28;1;466.06;354.55;Online
442;385;12;2025-05-28;3;252.3;209.59;Online
443;408;13;2025-06-09;3;1380.35;760.45;Online
444;84;12;2025-05-03;1;266.25;211.89;Online
445;441;28;2025-04-19;2;1211.2;591.37;Online
446;239;4;2025-09-30;4;1402.85;621.48;Online
447;101;10;2025-03-20;2;938.02;597.54;Partner
448;220;9;2025-08-04;3;1390.15;702.09;Partner
449;338;3;2025-12-18;3;112.71;91.8;Online
450;158;10;2025-08-14;4;962.12;588.84;Store
451;160;9;2025-11-13;2;1464.18;702.78;Online
452;351;29;2025-07-20;4;882.06;571.47;Partner
453;306;5;2025-01-15;2;1267.12;687.53;Partner
454;319;22;2025-10-13;3;969.63;680.29;Online
455;172;1;2025-02-15;2;151.9;93.43;Store
456;318;12;2025-01-01;2;234.89;213.14;Online
457;214;8;2025-01-22;1;871.2;412.98;Online
458;493;8;2025-06-29;2;833.72;414.25;Store
459;27;1;2025-05-30;5;132.14;91.55;Online
460;333;16;2025-08-21;1;699.52;326.56;Store
461;17;8;2025-09-18;1;828.69;416.31;Online
462;443;29;2025-03-15;3;897.87;567.35;Store
463;65;17;2025-05-07;2;885.26;626.68;Partner
464;92;22;2025-10-09;1;1016.69;678.89;Partner
465;485;25;2025-08-27;1;635.9;412.67;Online
466;118;3;2025-05-31;3;109.36;91.24;Online
467;496;16;2025-12-06;1;702.37;320.78;Online
468;342;7;2025-01-26;4;1059.24;771.5;Store
469;458;23;2025-03-26;1;1205.44;820.82;Online
470;382;21;2025-03-29;1;1722.13;813.61;Online
471;43;6;2025-01-31;3;803.27;720.03;Store
472;235;6;2025-04-23;1;843.58;674.79;Online
473;284;27;2025-09-18;2;759.01;520.46;Online
474;373;30;2025-09-09;1;1290.07;653.15;Online
475;279;6;2025-06-27;2;925.27;695.9;Store
476;318;24;2025-12-25;4;448.69;343.64;Store
477;211;8;2025-06-17;4;771.77;405.11;Store
478;138;11;2025-04-13;1;655.75;417.13;Store
479;338;3;2025-11-04;1;107.69;92.09;Online
480;290;29;2025-09-24;5;794.21;591.19;Store
481;354;16;2025-04-27;2;694.36;336.9;Store
482;254;30;2025-06-22;2;1306.36;657.69;Online
483;439;2;2025-07-05;2;1473.83;694.2;Store
484;484;1;2025-12-23;1;145.84;89.21;Partner
485;467;5;2025-11-26;5;1208.22;697.95;Store
486;99;3;2025-04-05;1;100.25;89.51;Store
487;206;13;2025-03-17;2;1384.02;783.79;Store
488;411;15;2025-04-02;3;1444.01;632.75;Online
489;102;4;2025-05-23;2;1288.13;659.52;Store
490;13;16;2025-11-18;4;629.83;337.6;Online
491;223;19;2025-06-11;5;615.63;471.38;Online
492;295;25;2025-11-27;2;693.93;412.3;Online
493;446;17;2025-04-28;1;850.15;635.81;Partner
494;471;4;2025-08-25;5;1223.59;636.0;Store
495;340;3;2025-04-05;1;99.29;88.96;Store
496;448;4;2025-01-07;1;1340.47;623.9;Store
497;172;29;2025-12-29;4;880.63;577.6;Store
498;279;6;2025-12-31;1;892.79;669.25;Partner
499;120;21;2025-11-10;5;1680.67;838.39;Store
500;356;8;2025-10-03;2;866.61;430.85;Store
501;299;4;2025-05-21;2;1345.18;619.47;Online
502;19;9;2025-11-18;1;1378.59;694.17;Store
503;106;6;2025-06-05;3;822.26;715.65;Online
504;480;16;2025-10-11;1;625.94;328.52;Store
505;256;28;2025-07-03;1;1114.45;622.73;Store
506;269;7;2025-02-14;4;1142.08;773.86;Online
507;274;14;2025-08-12;1;1469.66;732.99;Store
508;341;24;2025-10-12;3;412.42;337.23;Online
509;453;18;2025-07-20;5;1098.84;731.12;Online
510;247;12;2025-08-25;1;266.85;209.18;Online
511;471;24;2025-12-15;2;411.99;329.86;Online
512;144;10;2025-08-23;1;936.69;576.16;Store
513;128;12;2025-07-18;1;239.6;210.65;Online
514;481;10;2025-10-21;5;971.92;582.86;Online
515;3;18;2025-10-21;4;1071.27;698.58;Online
516;229;2;2025-04-11;1;1479.0;729.03;Online
517;453;14;2025-09-07;2;1403.48;756.73;Online
518;66;26;2025-07-27;5;177.65;129.9;Online
519;118;11;2025-09-06;1;704.33;401.12;Store
520;366;13;2025-08-27;2;1321.1;810.8;Online
521;433;5;2025-08-05;1;1307.28;697.82;Online
522;47;28;2025-12-03;1;1217.66;589.78;Online
523;57;20;2025-05-15;2;86.37;51.81;Partner
524;225;14;2025-11-19;3;1478.06;738.03;Store
525;309;9;2025-04-30;4;1281.67;701.11;Online
526;499;16;2025-11-13;4;715.29;319.02;Online
527;9;11;2025-12-30;2;693.3;427.86;Store
528;223;1;2025-09-03;2;145.91;91.62;Online
529;230;12;2025-10-17;2;241.84;219.5;Online
530;376;18;2025-10-11;2;1198.16;688.77;Online
531;115;10;2025-08-24;2;885.72;601.11;Online
532;367;3;2025-07-18;2;113.58;91.35;Store
533;16;17;2025-01-18;3;841.52;606.1;Online
534;338;24;2025-08-22;1;462.79;342.9;Online
535;58;3;2025-01-08;3;115.34;86.36;Online
536;461;2;2025-03-10;1;1506.3;705.62;Online
537;263;9;2025-09-15;5;1315.63;725.81;Online
538;110;3;2025-06-23;3;98.85;90.12;Online
539;78;23;2025-11-11;4;1357.89;793.12;Store
540;324;30;2025-12-31;1;1190.06;655.21;Online
541;282;20;2025-12-25;4;83.17;50.72;Online
542;251;10;2025-02-01;5;863.75;582.5;Store
543;422;6;2025-04-23;4;804.48;693.28;Online
544;341;21;2025-08-30;4;1844.73;871.3;Store
545;272;24;2025-01-27;2;483.33;347.31;Partner
546;426;8;2025-11-15;2;877.05;405.34;Online
547;67;30;2025-11-14;2;1169.88;630.8;Online
548;228;19;2025-05-04;5;636.14;464.05;Store
549;373;10;2025-12-09;4;872.66;570.47;Partner
550;77;26;2025-06-07;1;178.31;127.93;Online
551;276;9;2025-08-01;1;1387.63;710.04;Online
552;142;7;2025-08-25;5;1166.08;788.77;Online
553;318;19;2025-04-12;4;568.47;447.47;Online
554;183;9;2025-02-25;2;1333.5;700.14;Store
555;481;2;2025-11-08;1;1433.04;687.86;Online
556;274;7;2025-02-15;1;1133.02;736.65;Online
557;286;30;2025-09-10;5;1177.14;629.71;Online
558;101;26;2025-07-20;4;161.59;124.45;Online
559;396;27;2025-05-29;5;749.21;521.18;Online
560;145;21;2025-10-27;5;1723.79;811.59;Online
561;53;13;2025-08-23;4;1324.27;804.95;Online
562;343;5;2025-06-13;1;1167.57;660.01;Store
563;340;5;2025-01-14;1;1189.4;649.18;Store
564;359;29;2025-12-09;1;863.59;587.54;Partner
565;165;11;2025-01-09;1;688.31;427.87;Store
566;3;15;2025-09-24;1;1380.79;658.32;Online
567;192;21;2025-06-03;2;1731.05;840.97;Store
568;240;30;2025-12-24;2;1204.92;632.93;Online
569;422;9;2025-10-24;1;1358.2;694.27;Online
570;236;24;2025-06-18;1;459.45;354.31;Online
571;32;6;2025-11-07;1;882.75;694.23;Online
572;210;14;2025-03-10;2;1348.49;760.17;Online
573;384;11;2025-09-17;4;664.62;419.59;Online
574;81;10;2025-05-28;5;892.96;576.55;Partner
575;191;23;2025-10-03;3;1202.66;800.09;Store
576;295;7;2025-01-07;1;1194.26;751.61;Online
577;113;2;2025-07-11;2;1415.3;726.62;Online
578;461;6;2025-04-01;2;848.11;692.91;Partner
579;107;17;2025-06-23;2;885.77;597.81;Partner
580;162;16;2025-11-11;2;706.7;329.45;Online
581;339;9;2025-07-16;3;1392.55;696.93;Store
582;23;20;2025-04-05;2;82.65;50.29;Online
583;395;3;2025-06-28;2;100.38;87.3;Store
584;276;10;2025-08-27;5;985.66;592.81;Partner
585;476;27;2025-03-01;1;840.28;503.23;Store
586;228;15;2025-10-25;1;1274.89;663.44;Online
587;117;6;2025-12-31;1;865.73;712.7;Store
588;284;14;2025-02-27;1;1293.68;751.23;Store
589;484;22;2025-01-30;2;998.57;676.3;Online
590;90;16;2025-03-17;3;658.7;340.75;Online
591;15;1;2025-03-22;1;142.95;92.21;Online
592;180;22;2025-06-14;1;1010.72;690.72;Online
593;148;13;2025-11-02;1;1341.94;799.5;Partner
594;93;18;2025-02-06;1;1159.54;723.54;Online
595;339;25;2025-11-20;1;621.15;414.47;Online
596;8;27;2025-06-10;2;772.97;515.22;Online
597;4;10;2025-08-04;1;943.54;571.88;Store
598;18;7;2025-05-16;3;1199.56;741.88;Online
599;65;29;2025-07-09;2;844.71;554.93;Online
600;404;16;2025-02-15;5;631.32;336.44;Store
601;456;4;2025-08-07;1;1263.31;634.41;Store
602;175;14;2025-07-13;1;1454.64;758.5;Online
603;146;17;2025-10-17;1;841.38;613.61;Online
604;300;5;2025-12-04;2;1294.76;663.15;Store
605;64;26;2025-10-30;1;178.92;127.19;Partner
606;162;7;2025-12-28;1;1126.68;750.56;Store
607;101;15;2025-01-21;1;1329.19;660.06;Store
608;357;15;2025-08-19;1;1252.82;659.53;Store
609;495;18;2025-05-05;5;1048.59;720.29;Online
610;400;4;2025-03-21;2;1298.2;659.58;Online
611;33;25;2025-05-17;3;699.84;441.46;Online
612;495;12;2025-08-29;1;245.81;221.6;Online
613;96;11;2025-11-06;1;692.21;423.26;Online
614;265;23;2025-11-12;3;1372.5;807.9;Store
615;323;5;2025-10-12;1;1322.03;678.65;Online
616;200;26;2025-05-20;1;175.88;133.19;Online
617;278;25;2025-01-18;2;713.64;432.5;Store
618;291;7;2025-04-14;3;1085.73;793.68;Online
619;470;8;2025-06-07;4;;410.54;Store
620;112;5;2025-09-14;1;1268.71;658.01;Online
621;172;1;2025-01-05;1;138.36;88.5;Store
622;287;19;2025-10-23;1;567.03;472.08;Store
623;206;13;2025-01-22;2;1292.56;801.05;Partner
624;54;28;2025-10-08;1;1147.17;595.61;Online
625;100;10;2025-08-08;3;868.11;608.39;Online
626;227;1;2025-05-06;4;148.07;90.86;Store
627;160;7;2025-12-01;1;1132.5;755.68;Store
628;170;7;2025-07-09;3;1191.8;744.38;Online
629;327;14;2025-08-27;4;1443.47;765.51;Online
630;102;8;2025-08-12;2;799.03;422.55;Online
631;33;9;2025-11-09;2;1372.45;718.76;Online
632;298;28;2025-05-16;4;1266.0;618.34;Store
633;164;19;2025-10-15;2;567.56;461.88;Online
634;56;1;2025-11-07;4;131.51;92.09;Store
635;119;6;2025-05-15;5;821.48;715.0;Store
636;65;8;2025-03-21;1;815.64;411.75;Online
637;76;30;2025-08-07;1;1311.54;622.07;Partner
638;404;7;2025-11-22;2;1150.03;741.57;Store
639;275;9;2025-01-21;2;1387.7;718.86;Online
640;280;6;2025-09-22;1;838.61;674.35;Partner
641;142;16;2025-12-25;2;641.29;323.42;Online
642;189;9;2025-05-31;1;1364.22;713.38;Partner
643;307;7;2025-05-26;2;1068.0;755.49;Store
644;421;6;2025-06-01;2;856.16;669.22;Partner
645;41;13;2025-07-09;4;1342.5;808.82;Online
646;409;13;2025-01-07;4;1325.06;773.34;Partner
647;12;17;2025-01-06;3;836.07;635.21;Store
648;116;17;2025-10-26;1;746.91;624.74;Store
649;110;14;2025-11-10;1;1353.63;754.06;Store
650;175;6;2025-06-04;2;907.7;717.84;Online
651;13;28;2025-03-07;2;1242.5;590.43;Online
652;349;19;2025-07-24;1;578.86;460.51;Online
653;292;2;2025-08-24;2;1316.78;729.29;Partner
654;91;9;2025-12-06;1;1307.7;711.8;Store
655;487;16;2025-07-11;1;604.48;322.15;Store
656;357;19;2025-01-15;2;567.23;474.14;Online
657;162;26;2025-01-29;5;172.47;132.28;Online
658;26;20;2025-02-23;1;90.14;49.37;Online
659;178;1;2025-06-03;1;145.19;91.58;Online
660;490;30;2025-06-27;5;1157.62;635.03;Store
661;155;23;2025-07-02;1;1363.0;799.62;Online
662;321;22;2025-11-02;3;1040.53;655.33;Online
663;446;2;2025-04-01;1;1265.59;706.23;Online
664;223;20;2025-07-21;2;82.63;51.2;Online
665;63;26;2025-05-01;1;173.9;132.28;Online
666;373;19;2025-03-17;3;546.94;464.89;Partner
667;55;30;2025-09-03;2;1205.4;652.16;Online
668;497;8;2025-09-11;1;793.96;413.77;Online
669;321;1;2025-12-25;1;153.76;88.8;Online
670;450;14;2025-11-14;1;1520.73;777.99;Online
671;289;14;2025-03-30;2;1291.65;741.1;Online
672;248;4;2025-05-06;2;1230.85;617.27;Online
673;400;14;2025-12-08;1;1283.37;735.14;Online
674;488;25;2025-01-07;5;668.47;424.02;Store
675;298;19;2025-09-23;1;545.43;456.27;Online
676;137;5;2025-12-22;1;1228.29;658.95;Online
677;431;20;2025-01-17;2;85.79;48.91;Store
678;47;15;2025-08-28;1;1271.12;655.76;Store
679;294;27;2025-12-30;2;793.96;515.12;Online
680;496;20;2025-05-01;2;85.05;52.04;Online
681;129;2;2025-09-25;1;1477.04;729.31;Online
682;237;29;2025-08-28;5;873.07;593.14;Online
683;493;23;2025-12-01;2;1356.88;803.13;Store
684;381;29;2025-04-30;1;896.48;571.15;Online
685;392;4;2025-03-07;4;1337.26;627.57;Store
686;370;10;2025-08-20;2;976.98;596.67;Store
687;495;18;2025-04-13;5;1072.28;696.66;Online
688;370;17;2025-01-27;2;847.92;611.06;Online
689;180;19;2025-01-14;5;564.71;447.06;Online
690;190;13;2025-12-30;1;1325.85;790.3;Online
691;68;12;2025-07-17;1;274.76;213.54;Online
692;248;3;2025-10-17;3;115.31;85.65;Online
693;267;5;2025-12-03;2;1366.14;668.34;Online
694;293;23;2025-04-06;3;1248.04;802.02;Online
695;141;24;2025-05-02;3;463.73;352.36;Online
696;438;11;2025-09-12;1;739.13;418.84;Online
697;189;3;2025-09-12;3;113.11;90.05;Online
698;239;28;2025-06-01;4;1219.72;619.38;Partner
699;148;28;2025-08-18;2;1169.32;605.45;Store
700;208;20;2025-01-12;1;84.85;52.1;Partner
701;214;29;2025-03-28;2;867.08;591.7;Online
702;299;5;2025-06-28;5;1166.51;676.83;Store
703;261;21;2025-04-19;1;1805.47;820.46;Store
704;101;7;2025-10-22;3;1195.12;745.73;Online
705;28;24;2025-08-30;1;426.02;342.19;Partner
706;107;17;2025-06-09;2;884.18;617.35;Online
707;309;13;2025-04-23;1;1320.75;793.37;Online
708;259;21;2025-04-05;1;1702.19;815.81;Online
709;197;22;2025-07-04;1;923.95;665.01;Store
710;449;9;2025-02-10;4;1334.77;695.48;Store
711;150;15;2025-05-02;1;1435.27;622.47;Online
712;492;12;2025-12-31;2;268.79;206.71;Partner
713;67;20;2025-12-04;5;95.62;52.21;Store
714;13;11;2025-01-05;2;713.37;413.71;Store
715;134;3;2025-07-04;4;102.71;92.01;Online
716;37;4;2025-05-18;4;1398.83;649.36;Partner
717;238;9;2025-03-30;4;1339.82;715.17;Online
718;33;1;2025-01-15;2;149.17;89.54;Partner
719;308;16;2025-03-06;1;674.71;321.23;Online
720;321;21;2025-08-19;1;1617.1;855.26;Online
721;160;25;2025-02-22;4;636.79;427.85;Online
722;186;19;2025-08-24;1;631.8;447.92;Store
723;29;4;2025-12-03;1;1313.03;641.0;Partner
724;380;1;2025-02-02;1;139.17;90.94;Partner
725;131;28;2025-10-10;5;1112.14;607.8;Store
726;251;10;2025-12-01;3;875.79;580.59;Store
727;178;8;2025-12-01;5;814.16;399.44;Online
728;425;6;2025-08-20;2;809.63;700.8;Store
729;265;11;2025-01-12;1;681.82;425.55;Store
730;228;4;2025-09-01;2;1317.03;628.58;Online
731;103;30;2025-08-15;1;1172.27;621.38;Online
732;317;14;2025-04-15;1;1388.64;763.82;Online
733;427;28;2025-12-06;1;1123.64;634.1;Store
734;365;11;2025-06-23;4;696.35;411.07;Store
735;189;23;2025-06-15;1;1330.87;815.63;Online
736;47;29;2025-08-31;2;840.08;581.27;Online
737;289;9;2025-01-20;5;1405.16;722.71;Online
738;445;9;2025-12-21;1;1339.38;694.77;Store
739;143;27;2025-11-14;1;781.19;525.12;Online
740;130;28;2025-04-05;1;1103.36;596.29;Partner
741;378;8;2025-08-13;3;791.87;405.05;Store
742;32;5;2025-10-24;1;1272.04;690.95;Online
743;3;4;2025-02-09;5;1365.71;655.01;Store
744;235;21;2025-07-18;2;1683.87;853.73;Store
745;225;29;2025-03-17;2;795.88;576.23;Store
746;206;13;2025-08-12;4;1382.9;751.36;Online
747;122;20;2025-09-05;5;89.18;50.8;Online
748;492;16;2025-05-31;1;703.84;339.96;Online
749;215;17;2025-01-25;1;829.53;615.66;Store
750;303;2;2025-06-15;3;1334.63;714.47;Store
751;436;7;2025-02-24;2;1205.59;770.96;Online
752;317;14;2025-04-12;1;1441.21;760.3;Online
753;440;19;2025-05-05;3;613.66;442.52;Online
754;120;13;2025-09-22;1;1343.56;755.18;Online
755;210;21;2025-07-07;1;1802.35;809.27;Online
756;85;12;2025-02-15;4;268.72;213.01;Store
757;411;7;2025-10-08;2;1054.32;760.61;Online
758;493;27;2025-02-17;2;817.76;512.4;Online
759;481;7;2025-09-15;5;1198.34;742.36;Store
760;371;13;2025-07-11;1;1369.4;758.83;Online
761;497;21;2025-12-13;1;1857.6;849.76;Store
762;485;19;2025-08-01;4;571.64;460.32;Online
763;312;28;2025-07-31;1;1203.06;624.39;Online
764;420;27;2025-07-11;1;758.56;521.58;Online
765;417;1;2025-10-04;1;135.26;93.87;Partner
766;126;17;2025-02-01;1;820.41;636.57;Store
767;3;9;2025-03-05;1;1472.78;733.06;Online
768;173;25;2025-01-17;1;627.44;435.98;Online
769;45;13;2025-10-22;5;1444.04;754.35;Store
770;272;24;2025-11-21;2;488.91;348.46;Online
771;201;6;2025-07-07;4;944.96;671.79;Online
772;368;23;2025-05-01;1;1207.03;849.54;Store
773;388;27;2025-10-09;3;779.72;534.81;Online
774;77;9;2025-08-05;5;1419.5;735.41;Online
775;245;29;2025-11-28;2;850.2;595.62;Online
776;120;22;2025-01-11;3;1031.98;701.1;Store
777;254;3;2025-01-02;1;117.03;92.18;Partner
778;116;2;2025-10-04;2;1450.12;720.13;Online
779;163;19;2025-03-24;1;585.22;449.09;Online
780;341;3;2025-04-01;5;113.03;91.92;Online
781;343;13;2025-12-11;1;1390.51;772.55;Store
782;408;25;2025-02-27;5;648.94;428.14;partner 
783;183;2;2025-09-10;3;1398.65;718.51;Online
784;192;30;2025-11-11;5;1231.71;657.87;Online
785;46;23;2025-10-24;5;1378.73;844.51;Online
786;380;25;2025-02-12;3;635.72;414.17;Store
787;52;19;2025-08-30;2;627.96;464.34;Online
788;446;13;2025-10-19;2;1425.07;785.72;Online
789;170;22;2025-11-17;3;1039.35;656.18;Store
790;408;16;2025-10-12;1;678.55;334.91;Online
791;302;24;2025-04-01;1;426.91;339.34;Online
792;253;21;2025-04-21;4;1805.26;817.64;Online
793;249;5;2025-06-22;3;1215.34;673.0;Store
794;196;21;2025-11-19;1;1686.48;849.51;Online
795;116;3;2025-11-28;4;108.6;88.69;Online
796;137;12;2025-12-09;1;245.58;216.28;Online
797;53;27;2025-09-15;5;765.11;501.72;Store
798;341;30;2025-11-06;4;1135.36;626.73;Online
799;312;25;2025-11-04;2;681.38;429.07;Online
800;236;19;2025-07-28;1;600.99;467.05;Store
801;290;10;2025-05-16;4;953.18;571.49;Online
802;304;20;2025-07-23;1;84.48;49.12;Online
803;56;15;2025-07-19;2;1252.01;651.12;Online
804;103;10;2025-03-20;1;964.45;610.28;Online
805;191;2;2025-05-22;1;1303.15;725.16;Online
806;59;29;2025-11-06;2;828.34;592.58;Online
807;350;24;2025-04-19;1;477.62;344.19;Online
808;103;25;2025-07-17;1;636.43;437.31;Online
809;134;27;2025-07-23;3;822.4;509.6;Online
810;360;29;2025-07-27;1;829.98;566.32;Online
811;279;18;2025-08-24;4;1178.32;730.77;Online
812;267;14;2025-09-14;1;1467.27;741.66;Online
813;239;6;2025-07-02;4;917.48;714.61;Online
814;58;30;2025-08-22;1;1197.74;626.64;Online
815;115;17;2025-01-08;1;800.2;626.76;Store
816;115;21;2025-08-17;2;1629.8;860.33;Online
817;236;8;2025-03-03;1;867.79;410.78;Store
818;455;11;2025-03-29;2;688.91;401.14;Online
819;106;20;2025-10-20;2;83.78;51.17;Online
820;431;1;2025-01-30;1;142.87;90.53;Store
821;112;8;2025-01-28;4;811.22;419.08;Store
822;149;12;2025-05-22;1;257.52;223.57;Partner
823;341;7;2025-09-05;4;1107.19;744.0;Store
824;454;16;2025-02-19;2;695.74;325.0;Store
825;340;11;2025-07-28;1;679.13;430.95;Online
826;324;4;2025-06-26;3;1432.59;657.9;Online
827;46;12;2025-10-07;2;270.16;221.29;Store
828;254;14;2025-01-27;1;1423.26;732.96;Online
829;73;15;2025-08-14;3;1410.53;654.69;Store
830;194;23;2025-12-21;3;1193.59;832.39;Online
831;360;2;2025-12-28;1;1465.66;719.63;Partner
832;232;30;2025-07-08;5;1159.21;658.49;Store
833;53;27;2025-10-15;1;750.55;535.52;Online
834;212;12;2025-01-18;2;238.99;206.96;Partner
835;184;27;2025-06-18;5;774.34;506.64;Online
836;202;14;2025-10-19;1;1475.29;783.1;Online
837;234;12;2025-10-29;2;237.71;211.15;Online
838;359;13;2025-02-24;2;1446.38;764.73;Online
839;183;2;2025-12-08;1;1403.9;723.22;Partner
840;371;20;2025-11-18;2;85.04;50.11;Online
841;478;27;2025-04-23;2;766.06;509.46;Online
842;167;28;2025-01-28;1;1084.89;596.69;Store
843;62;16;2025-09-15;3;641.32;318.01;Store
844;35;6;2025-03-05;1;880.04;670.97;Online
845;344;25;2025-07-10;2;648.78;422.11;Store
846;342;2;2025-01-19;1;1415.09;711.97;Partner
847;363;12;2025-06-06;1;257.61;217.49;Online
848;268;17;2025-09-30;1;864.99;635.57;Online
849;442;30;2025-03-28;5;1158.4;632.63;Store
850;309;3;2025-07-08;2;103.8;92.06;Online
851;37;23;2025-06-22;2;1221.59;847.87;Online
852;115;2;2025-07-02;1;1432.34;697.14;Online
853;124;10;2025-07-05;1;838.3;590.45;Online
854;52;9;2025-05-02;3;1430.23;699.7;Online
855;419;8;2025-04-10;5;796.97;404.69;Online
856;346;6;2025-10-02;1;807.05;701.57;Store
857;345;20;2025-05-25;4;87.79;52.17;Store
858;384;25;2025-04-16;3;662.79;419.89;Online
859;105;3;2025-07-20;2;99.64;85.39;Partner
860;77;21;2025-01-03;2;1689.0;844.0;Partner
861;425;20;2025-08-22;2;89.92;49.88;Store
862;332;30;2025-05-25;2;1215.81;635.69;Online
863;113;30;2025-07-12;3;1208.61;632.82;Online
864;12;2;2025-12-22;2;1462.75;714.97;Online
865;45;22;2025-01-08;3;941.1;686.35;Store
866;24;26;2025-03-20;1;163.68;128.13;Online
867;54;13;2025-06-22;4;1278.27;779.26;Partner
868;26;16;2025-06-04;2;664.62;321.07;Online
869;422;21;2025-05-22;2;1673.32;808.16;Store
870;261;1;2025-06-28;3;139.96;92.63;Online
871;139;5;2025-08-31;2;1315.59;655.45;Online
872;203;14;2025-11-30;1;1422.23;732.33;Online
873;327;4;2025-11-08;2;;634.9;Online
874;231;28;2025-12-17;2;1253.32;598.76;Online
875;49;3;2025-08-16;2;111.58;91.26;Online
876;483;20;2025-01-09;1;83.17;51.67;Online
877;253;3;2025-04-04;5;117.21;89.7;Online
878;88;25;2025-03-09;1;671.28;422.39;Partner
879;291;28;2025-12-27;3;1105.36;611.2;Online
880;48;27;2025-06-14;1;741.69;526.52;Online
881;185;26;2025-03-09;1;182.15;123.57;Online
882;408;14;2025-01-25;1;1429.34;725.16;Online
883;198;22;2025-08-30;1;1009.25;693.19;Online
884;196;24;2025-09-12;1;441.8;332.16;Store
885;98;17;2025-10-12;2;882.77;611.01;Partner
886;251;22;2025-11-25;5;1052.75;706.17;Online
887;57;24;2025-04-26;4;462.03;337.39;Partner
888;409;7;2025-12-08;2;1142.59;744.09;Store
889;422;3;2025-01-29;3;115.01;87.82;Store
890;429;5;2025-04-29;4;1373.04;653.17;Store
891;6;16;2025-01-25;2;681.73;328.97;Store
892;493;7;2025-03-29;2;1211.53;740.95;Store
893;188;6;2025-11-07;4;881.01;688.54;Online
894;226;14;2025-01-30;5;1408.4;751.64;Store
895;434;12;2025-04-07;2;248.57;209.18;Store
896;264;27;2025-12-30;5;858.88;516.15;Online
897;439;20;2025-12-19;5;94.18;50.48;Store
898;456;24;2025-08-16;5;471.46;341.58;Online
899;442;15;2025-05-08;1;1431.26;640.74;Online
900;284;11;2025-02-19;3;696.5;403.89;Store
901;451;11;2025-08-17;2;658.06;417.88;Store
902;229;27;2025-04-12;1;872.0;526.49;Online
903;322;7;2025-05-13;1;1213.63;751.94;Online
904;257;22;2025-02-20;4;1009.62;693.36;Online
905;94;27;2025-07-09;1;752.19;537.68;Online
906;210;5;2025-07-20;3;1231.18;652.14;Store
907;34;23;2025-06-17;4;1227.04;827.87;Store
908;439;5;2025-04-25;1;1160.28;672.96;Online
909;59;22;2025-08-21;5;931.79;687.76;Online
910;211;1;2025-05-25;4;141.27;95.16;Online
911;466;5;2025-02-05;2;1205.2;691.76;Store
912;60;11;2025-08-15;2;714.77;425.44;Online
913;457;1;2025-04-14;1;140.29;91.67;Online
914;464;13;2025-08-05;2;1268.75;807.54;Store
915;322;12;2025-02-14;2;247.54;221.17;Online
916;374;15;2025-09-13;5;1406.75;656.21;Online
917;10;5;2025-04-02;3;1264.74;681.42;Store
918;57;9;2025-01-20;1;1373.45;700.27;Store
919;493;23;2025-09-27;2;1357.82;824.84;Store
920;461;7;2025-02-28;3;1181.42;750.44;Online
921;204;26;2025-05-11;1;180.17;132.88;Store
922;400;13;2025-01-23;2;1480.63;785.98;Online
923;4;2;2025-11-27;4;1368.03;691.83;Online
924;348;23;2025-02-05;2;1391.12;839.5;Partner
925;368;27;2025-11-28;1;827.44;498.45;Partner
926;182;8;2025-08-27;3;894.78;403.95;Store
927;45;1;2025-08-28;2;142.23;90.99;Store
928;337;28;2025-01-25;1;1203.31;630.36;Store
929;100;2;2025-11-25;5;1275.94;710.95;Online
930;381;24;2025-01-04;1;425.12;350.26;Online
931;7;15;2025-08-21;3;1363.07;625.66;Online
932;33;30;2025-03-30;2;1139.89;625.13;Online
933;72;30;2025-03-10;1;1135.95;639.98;Online
934;146;9;2025-06-04;5;1425.27;687.68;Online
935;254;6;2025-06-19;1;882.24;694.18;Store
936;137;27;2025-03-09;1;864.86;518.87;Online
937;36;26;2025-12-18;1;174.79;130.52;Online
938;148;26;2025-05-11;1;183.33;123.99;Online
939;70;12;2025-06-09;4;239.89;221.53;Online
940;65;14;2025-06-22;1;1311.53;779.98;Online
941;466;21;2025-09-20;2;1738.16;847.06;Partner
942;148;21;2025-01-12;2;1782.08;846.38;Online
943;115;19;2025-03-14;2;612.51;475.57;Partner
944;177;25;2025-12-12;2;709.59;416.34;Online
945;372;8;2025-07-26;1;912.24;427.07;Online
946;338;8;2025-09-29;3;833.25;425.08;Partner
947;386;11;2025-10-13;1;665.61;402.72;Online
948;276;1;2025-11-05;1;137.19;89.43;Store
949;40;4;2025-08-11;4;1259.4;617.55;Online
950;250;22;2025-05-31;1;983.83;658.82;Partner
951;362;4;2025-04-20;2;1406.52;624.43;Online
952;292;25;2025-05-04;1;620.21;424.79;Online
953;101;28;2025-12-28;3;1204.09;597.59;Store
954;332;21;2025-08-11;1;1854.22;844.59;Store
955;226;8;2025-06-28;1;872.99;424.77;Online
956;326;1;2025-09-16;4;135.54;90.74;Store
957;47;3;2025-01-06;1;99.31;91.81;Online
958;372;20;2025-08-01;5;93.26;50.6;Online
959;460;12;2025-02-18;2;276.6;220.04;Online
960;210;10;2025-09-19;5;859.39;605.13;Online
961;360;22;2025-10-16;4;978.21;663.16;Store
962;6;12;2025-03-31;1;256.37;214.02;Store
963;22;5;2025-05-05;2;1359.52;646.97;Online
964;294;20;2025-02-21;5;92.05;51.8;Online
965;160;11;2025-01-10;5;741.24;418.03;Online
966;295;14;2025-10-10;1;1503.32;772.45;Online
967;13;9;2025-09-23;1;1284.35;725.59;Online
968;458;8;2025-04-20;2;914.09;402.69;Online
969;446;15;2025-06-09;1;1335.08;645.72;Online
970;77;5;2025-08-14;4;1229.51;678.58;Store
971;192;26;2025-08-17;3;183.35;129.54;Online
972;421;12;2025-01-08;2;252.24;208.81;Online
973;15;12;2025-04-27;1;245.78;219.42;Online
974;333;25;2025-07-19;2;722.14;437.25;Online
975;307;30;2025-02-21;1;1260.49;654.14;Online
976;145;18;2025-02-19;1;1036.5;682.39;Online
977;180;3;2025-05-14;2;108.85;88.57;Store
978;94;1;2025-06-09;1;149.92;94.89;Online
979;422;3;2025-05-13;4;115.71;88.27;Online
980;485;2;2025-04-08;2;1486.81;715.94;Online
981;403;20;2025-01-09;4;90.17;51.78;Online
982;20;11;2025-02-02;2;689.73;431.85;Online
983;265;12;2025-10-31;2;258.08;212.66;Store
984;140;12;2025-01-25;2;261.19;207.65;Store
985;43;16;2025-02-04;2;683.21;336.0;Store
986;175;12;2025-10-15;1;265.58;216.52;Store
987;100;17;2025-07-05;4;770.94;621.86;Online
988;244;13;2025-04-27;3;1360.93;774.28;Partner
989;138;24;2025-10-06;2;486.29;341.34;Store
990;381;6;2025-08-19;1;844.13;672.21;Online
991;199;6;2025-10-09;3;821.48;673.18;Partner
992;184;20;2025-12-25;5;90.39;48.63;Online
993;186;17;2025-09-26;1;867.36;625.01;Store
994;376;15;2025-08-01;2;1270.97;664.37;Online
995;458;5;2025-04-06;1;1302.27;697.37;Partner
996;364;22;2025-07-06;5;1020.74;671.08;Store
997;394;3;2025-08-08;1;106.79;86.78;Partner
998;174;30;2025-11-01;1;1285.03;634.66;Online
999;13;11;2025-10-18;1;673.03;406.73;Online
1000;167;7;2025-10-31;5;1055.11;753.96;Online
1001;153;11;2025-04-14;2;638.22;421.02;Online
1002;263;21;2025-05-19;2;1718.63;829.35;Online
1003;210;16;2025-12-10;1;637.9;333.9;Online
1004;484;2;2025-11-17;3;1361.71;722.87;Partner
1005;366;29;2025-11-20;2;791.48;581.67;Store
1006;139;19;2025-06-23;1;540.89;448.01;Online
1007;52;4;2025-10-31;5;1211.04;642.45;Partner
1008;205;11;2025-10-12;2;717.99;410.09;Online
1009;324;25;2025-04-08;3;716.67;443.72;Online
1010;219;23;2025-03-28;2;1344.66;839.82;Store
1011;406;27;2025-12-03;1;826.65;509.11;Store
1012;304;23;2025-03-02;4;1287.94;824.73;Online
1013;112;6;2025-05-05;1;932.0;683.37;Partner
1014;351;8;2025-06-01;3;853.9;421.58;Store
1015;23;22;2025-01-08;5;993.17;656.46;Online
1016;132;22;2025-12-09;2;990.59;684.93;Online
1017;387;24;2025-11-07;3;467.58;349.26;Partner
1018;492;18;2025-09-17;5;1048.09;717.45;Store
1019;17;15;2025-04-07;1;1339.4;633.48;Partner
1020;146;11;2025-05-02;1;703.39;412.69;Online
1021;466;17;2025-03-25;2;768.52;623.92;Online
1022;369;24;2025-11-22;1;430.63;355.67;Online
1023;412;1;2025-09-15;4;135.3;93.99;Store
1024;314;30;2025-01-16;5;1190.1;652.82;Online
1025;492;19;2025-03-12;2;539.94;440.57;Online
1026;467;4;2025-01-27;1;1419.43;638.25;Store
1027;77;26;2025-11-13;3;169.67;131.97;Store
1028;200;23;2025-02-02;5;1329.03;826.03;Partner
1029;375;14;2025-11-02;4;1295.6;723.7;Online
1030;269;3;2025-12-02;5;98.92;90.42;Online
1031;412;30;2025-07-05;2;1136.14;615.37;Online
1032;256;30;2025-07-05;5;1203.82;638.45;Online
1033;107;16;2025-04-10;2;628.95;332.18;Partner
1034;406;1;2025-08-08;1;135.63;89.17;Online
1035;251;19;2025-03-07;1;610.54;472.6;Partner
1036;57;20;07/01/2025;1;83.94;49.43;Partner
1037;491;29;2025-02-26;2;800.42;577.17;Online
1038;490;30;2025-05-01;1;1210.78;635.75;Online
1039;38;12;2025-04-26;4;239.7;216.56;Online
1040;221;6;2025-11-13;1;834.22;669.79;Online
1041;63;25;2025-11-19;3;733.31;424.76;Store
1042;47;20;2025-10-13;1;87.42;50.62;Store
1043;198;14;2025-10-25;1;1528.36;730.52;Partner
1044;380;25;2025-04-03;4;715.05;417.35;Store
1045;366;23;2025-03-03;3;1253.75;803.34;Online
1046;194;15;2025-09-18;2;1406.51;653.99;Store
1047;18;8;2025-08-14;2;818.49;406.39;Online
1048;419;11;2025-10-22;1;702.84;401.69;Online
1049;180;2;2025-12-15;3;1403.34;696.9;Online
1050;466;29;2025-07-25;2;851.82;578.14;Store
1051;299;27;2025-08-02;2;831.83;507.04;Store
1052;382;12;2025-08-23;1;276.46;221.41;Online
1053;488;30;2025-11-17;1;1230.36;657.12;Online
1054;488;14;2025-06-07;3;1314.58;748.83;Online
1055;232;21;2025-07-26;1;1655.82;853.36;Online
1056;302;13;2025-05-03;3;1426.31;756.66;Store
1057;282;22;2025-02-23;1;1027.83;692.02;Store
1058;105;17;2025-01-30;3;887.19;622.98;Store
1059;72;23;2025-05-18;4;1410.92;804.12;Online
1060;496;18;2025-05-09;2;1137.46;726.79;Partner
1061;31;13;2025-05-05;3;1289.81;783.88;Online
1062;90;16;2025-04-06;2;685.09;333.16;Online
1063;70;1;2025-05-12;1;154.85;94.98;Online
1064;224;8;2025-11-03;2;871.13;410.4;Online
1065;19;13;2025-12-30;1;1320.57;760.87;Store
1066;176;16;2025-06-23;1;664.04;329.07;Store
1067;154;29;2025-08-13;1;881.61;586.07;Store
1068;46;12;2025-05-08;1;233.63;223.35;Store
1069;499;13;2025-08-12;2;1252.3;761.53;Store
1070;288;16;2025-12-24;4;676.2;331.91;Store
1071;435;3;2025-11-29;3;112.48;87.3;Online
1072;127;7;2025-06-11;1;1143.05;742.5;Store
1073;353;4;2025-09-25;1;1282.31;621.76;Partner
1074;480;10;2025-02-04;1;869.26;582.95;Store
1075;293;24;2025-12-15;1;460.57;342.91;Store
1076;477;18;2025-02-07;1;1163.76;728.03;partner 
1077;351;30;2025-02-21;5;1173.19;653.85;Store
1078;308;17;2025-07-06;2;866.23;624.57;Online
1079;306;2;2025-04-26;2;1486.36;717.83;Online
1080;378;27;2025-06-28;4;811.51;498.53;Online
1081;77;2;2025-12-20;1;1418.18;729.08;Online
1082;134;26;2025-08-04;5;158.38;125.62;Store
1083;116;23;2025-01-30;2;1342.39;831.48;Store
1084;81;22;2025-01-19;1;923.05;659.96;Partner
1085;89;28;2025-05-08;4;1106.61;615.66;Online
1086;94;12;2025-03-16;1;270.75;209.07;Store
1087;314;30;2025-08-23;3;1147.48;659.98;Store
1088;106;14;2025-10-02;3;1500.01;752.09;Online
1089;401;14;2025-01-11;1;1477.23;731.16;Online
1090;116;12;2025-07-23;1;251.52;217.14;Online
1091;292;6;2025-11-01;4;940.99;691.59;Online
1092;102;2;2025-09-23;1;1360.52;730.05;Store
1093;272;11;2025-03-02;5;685.34;408.76;Online
1094;293;7;2025-01-30;5;1110.45;774.14;Online
1095;466;28;2025-03-14;3;1184.28;594.23;Partner
1096;65;17;2025-07-01;1;869.76;597.28;Online
1097;364;17;2025-01-07;1;812.12;607.57;Online
1098;41;2;2025-08-16;1;1497.33;710.21;Online
1099;446;12;2025-10-29;3;239.74;211.32;Store
1100;287;15;2025-09-21;4;1420.58;656.74;Online
1101;73;3;2025-12-15;1;113.77;91.79;Partner
1102;249;9;2025-01-16;4;1384.46;731.29;Online
1103;330;5;2025-01-23;1;1374.2;667.7;Online
1104;272;11;2025-08-13;2;748.46;401.71;Online
1105;116;24;2025-06-02;2;421.08;330.74;Online
1106;456;8;2025-03-15;1;800.77;422.95;Store
1107;479;27;2025-06-16;2;779.28;538.64;Store
1108;468;17;2025-05-10;1;789.79;619.88;Online
1109;405;1;2025-01-08;5;144.84;92.56;Online
1110;406;23;2025-04-18;3;1213.15;830.36;Store
1111;187;26;2025-06-12;1;184.48;127.88;Online
1112;77;4;2025-07-13;1;1273.78;637.13;Store
1113;245;6;2025-09-10;5;817.1;699.33;Partner
1114;467;25;2025-07-29;3;705.54;414.85;Online
1115;213;14;2025-12-30;1;1370.88;736.97;Partner
1116;195;27;2025-09-25;4;835.22;503.93;Online
1117;369;20;2025-10-04;3;88.47;50.39;Online
1118;269;8;2025-08-21;1;830.81;418.5;Partner
1119;142;17;2025-07-03;3;859.57;600.18;Store
1120;272;15;2025-03-05;2;1219.73;660.94;Partner
1121;177;1;2025-09-06;1;134.88;93.96;Store
1122;170;6;2025-12-27;4;846.49;691.72;Online
1123;224;16;2025-01-15;2;631.68;327.29;Partner
1124;265;16;2025-04-06;5;663.61;336.27;Online
1125;29;24;2025-05-25;1;412.43;334.17;Online
1126;94;29;2025-06-12;5;863.91;558.81;Partner
1127;336;23;2025-12-05;1;1306.84;834.72;Online
1128;38;16;2025-07-28;3;621.67;327.79;Online
1129;318;23;2025-05-13;5;1386.47;832.09;Store
1130;65;19;2025-09-14;2;540.44;465.74;Store
1131;390;16;2025-01-18;4;677.78;325.68;Online
1132;443;2;2025-07-17;1;1377.43;687.36;ONLINE
1133;63;7;2025-07-28;4;1192.69;757.48;Online
1134;350;4;2025-10-07;1;1299.1;614.37;Online
1135;366;29;2025-08-13;2;872.7;559.77;Online
1136;231;29;2025-08-26;2;847.35;598.46;Online
1137;452;10;2025-06-22;2;846.26;570.75;Online
1138;159;27;2025-07-27;3;776.29;506.69;Store
1139;439;28;2025-01-09;1;1149.43;629.23;Partner
1140;442;28;2025-01-27;1;1107.36;609.15;Online
1141;491;27;2025-12-09;1;823.87;534.8;Partner
1142;57;20;2025-02-17;5;83.79;49.94;Online
1143;463;30;2025-07-15;5;1136.31;614.93;Online
1144;71;8;2025-09-07;4;792.51;424.67;Online
1145;482;12;2025-01-10;1;278.36;217.14;Online
1146;20;12;2025-08-16;5;270.4;220.43;Store
1147;474;27;2025-08-31;1;833.77;514.21;Store
1148;18;30;2025-02-07;5;1242.1;643.07;Partner
1149;9;30;2025-09-09;4;1144.42;630.35;Partner
1150;214;24;2025-01-22;3;463.9;341.1;Online
1151;438;25;2025-05-05;1;701.87;434.88;Store
1152;275;10;2025-04-29;3;854.65;571.95;Online
1153;171;2;2025-03-03;5;1484.86;680.77;Store
1154;248;16;2025-07-28;3;702.64;331.27;Online
1155;355;1;2025-09-12;2;154.25;92.44;Online
1156;45;1;2025-09-21;5;138.58;93.4;Store
1157;42;8;2025-06-21;1;825.85;409.1;Store
1158;347;25;2025-11-04;1;683.12;411.68;Online
1159;104;23;2025-03-15;4;1369.93;800.82;Online
1160;390;13;2025-03-02;5;1399.57;808.69;Online
1161;303;14;2025-10-19;4;1373.39;761.37;Online
1162;266;30;2025-04-03;1;1334.4;634.35;Online
1163;27;16;2025-04-09;1;711.53;339.99;Partner
1164;192;30;2025-08-29;3;1228.8;657.09;Online
1165;348;26;2025-09-29;2;178.25;126.99;Online
1166;23;1;2025-01-31;2;140.63;89.91;Online
1167;150;18;2025-04-24;1;1188.82;688.17;Online
1168;480;5;2025-01-16;2;1283.54;679.22;Online
1169;386;16;2025-03-13;1;653.52;325.95;Store
1170;4;14;2025-05-16;4;1387.79;737.69;Online
1171;381;2;2025-01-10;2;1467.52;721.04;Online
1172;213;6;2025-07-27;4;801.07;688.33;Store
1173;476;12;2025-11-26;1;245.37;216.83;Online
1174;392;20;2025-11-08;2;87.91;49.46;Store
1175;266;12;2025-07-21;3;253.23;208.18;Online
1176;272;16;2025-10-13;2;694.45;339.98;Store
1177;349;18;2025-01-02;2;1152.08;698.1;Store
1178;223;26;2025-10-18;1;185.25;131.81;Online
1179;23;28;2025-08-02;1;1088.06;604.68;Online
1180;420;11;2025-09-26;5;664.06;408.91;Store
1181;147;1;2025-11-02;3;139.85;95.39;Store
1182;221;2;2025-04-01;1;1286.08;731.3;Store
1183;440;13;2025-06-13;1;1452.28;763.26;Store
1184;39;23;2025-03-15;1;1307.45;806.08;Online
1185;429;29;2025-06-15;3;876.18;578.56;Online
1186;182;22;2025-01-08;2;926.27;675.02;Store
1187;79;23;2025-01-21;1;1392.85;816.3;Online
1188;484;6;2025-08-23;4;846.59;692.96;Online
1189;375;21;2025-07-10;4;1688.48;868.9;Online
1190;396;4;2025-11-11;2;1371.47;624.72;Online
1191;273;10;2025-01-04;2;944.09;610.88;Online
1192;355;20;2025-08-15;2;87.65;49.51;Partner
1193;305;7;2025-12-03;4;1067.42;783.0;Online
1194;80;30;2025-06-13;3;1149.86;649.11;Store
1195;220;11;2025-04-04;1;720.79;424.08;Online
1196;463;27;2025-05-27;1;743.9;522.23;Online
1197;2;9;2025-02-13;2;1323.9;696.96;Store
1198;129;17;2025-09-07;4;827.13;618.32;Online
1199;398;24;2025-04-25;1;430.11;352.69;Store
1200;377;19;2025-11-15;1;547.44;458.54;Store
1201;375;14;2025-04-24;1;1327.91;758.76;Store
1202;430;2;2025-12-28;1;1328.38;682.7;Online
1203;478;4;2025-01-14;3;1389.16;661.06;Partner
1204;64;9;2025-06-16;1;1334.33;724.83;Online
1205;329;11;2025-10-17;1;659.73;422.91;Store
1206;40;17;2025-06-17;5;758.45;601.95;Online
1207;393;20;2025-06-19;2;83.76;52.33;Online
1208;180;11;2025-09-14;2;748.48;421.48;Partner
1209;178;6;2025-05-19;2;919.26;694.37;Online
1210;472;30;2025-02-26;1;1219.9;658.24;Partner
1211;392;30;2025-09-20;5;1141.31;661.09;Online
1212;287;20;2025-09-04;2;95.56;50.8;Store
1213;40;6;2025-04-15;1;859.79;666.65;Store
1214;398;9;2025-01-27;2;1271.47;694.46;Store
1215;26;10;2025-02-20;1;874.45;575.53;Store
1216;487;6;2025-09-24;1;897.68;694.62;Store
1217;68;8;2025-09-27;5;830.14;408.11;Partner
1218;485;20;2025-09-11;2;96.73;48.73;Store
1219;408;21;2025-05-18;1;1663.05;813.04;Partner
1220;354;5;2025-04-15;1;1314.58;682.83;Online
1221;72;25;2025-09-05;2;721.46;413.26;Online
1222;193;20;2025-03-18;1;90.95;48.56;Store
1223;341;27;2025-10-25;4;869.88;534.67;Online
1224;343;12;2025-02-23;5;275.17;223.19;Store
1225;378;7;2025-10-25;5;1227.95;774.63;Store
1226;93;17;2025-10-25;5;757.13;636.98;Online
1227;60;11;2025-05-06;1;691.5;407.29;Partner
1228;499;17;2025-01-15;5;783.58;595.88;Store
1229;11;22;2025-05-31;2;1036.75;698.04;Store
1230;156;29;2025-07-23;3;851.49;570.38;Online
1231;294;8;2025-07-07;4;874.09;409.55;Store
1232;328;6;2025-07-31;1;937.4;689.1;Online
1233;393;15;2025-09-20;2;1381.38;663.78;Store
1234;9;18;2025-09-10;1;1136.25;699.87;Online
1235;352;26;2025-10-11;2;172.74;124.04;Store
1236;285;6;2025-01-09;2;921.0;691.55;Partner
1237;389;7;2025-09-06;3;1234.14;767.57;Store
1238;451;12;2025-05-21;4;274.35;218.59;Partner
1239;6;18;2025-01-13;2;1084.8;721.82;Partner
1240;49;20;2025-02-27;1;91.26;51.52;Partner
1241;187;5;2025-01-14;1;1252.26;651.73;Partner
1242;15;13;2025-03-14;2;1297.08;778.59;Partner
1243;49;15;2025-10-02;1;1267.47;664.61;Partner
1244;302;7;2025-09-10;2;1053.44;769.26;Online
1245;270;25;2025-11-22;5;640.58;425.97;Online
1246;72;11;2025-09-27;1;665.26;432.28;Online
1247;6;26;2025-06-12;1;173.86;127.78;Partner
1248;394;6;2025-09-26;1;906.99;706.28;Store
1249;250;1;2025-10-06;1;151.49;92.64;Store
1250;279;9;2025-08-26;1;1483.9;725.92;Online
1251;370;29;2025-03-24;2;801.52;572.01;Store
1252;186;12;2025-12-11;2;265.41;209.94;Partner
1253;21;11;2025-05-31;2;718.32;419.71;Online
1254;465;20;2025-12-04;5;95.35;51.8;Online
1255;34;13;2025-04-21;2;1253.18;798.45;Online
1256;83;9;2025-04-20;1;1323.18;703.91;Store
1257;321;18;2025-12-03;1;1065.36;728.38;Online
1258;300;16;2025-03-22;2;666.39;339.32;Store
1259;159;30;2025-04-02;4;1177.07;626.22;Online
1260;341;12;2025-07-27;2;243.86;210.4;Online
1261;203;21;2025-10-15;3;1883.38;819.53;Online
1262;418;29;2025-09-14;3;839.18;578.52;Online
1263;484;27;2025-09-08;3;815.05;519.75;Online
1264;421;8;2025-12-17;4;844.35;399.79;Online
1265;57;28;2025-12-21;1;1168.6;618.07;Store
1266;95;21;2025-12-25;4;1619.47;867.54;Partner
1267;75;16;2025-09-22;2;624.52;327.9;Online
1268;164;1;2025-02-25;5;136.87;92.59;Online
1269;498;12;2025-09-19;2;248.48;217.47;Partner
1270;355;13;2025-02-19;5;1402.87;788.37;Online
1271;40;2;2025-09-23;4;1404.76;701.2;Store
1272;475;10;2025-12-13;4;890.48;608.46;Online
1273;207;5;2025-10-22;3;1196.23;695.56;Store
1274;75;7;2025-07-17;1;1223.28;771.1;Partner
1275;4;4;2025-12-26;5;1329.15;645.81;Online
1276;445;2;2025-01-12;5;1507.51;698.42;Partner
1277;180;6;2025-06-26;1;803.57;687.89;Online
1278;260;12;2025-02-17;1;266.31;220.81;Store
1279;377;7;2025-07-15;4;1088.05;780.28;Online
1280;253;12;2025-01-17;1;270.68;222.62;Store
1281;291;29;2025-08-11;5;781.33;587.27;Online
1282;431;15;2025-05-22;1;1438.74;651.81;Online
1283;331;12;2025-11-06;2;267.08;222.38;Online
1284;261;15;2025-01-24;2;1302.75;640.55;Online
1285;318;6;2025-02-22;2;932.43;685.59;Online
1286;491;23;2025-12-12;5;1296.91;792.08;Store
1287;397;13;2025-11-12;3;1309.23;750.93;Online
1288;497;22;2025-02-23;2;933.6;677.79;Store
1289;417;4;2025-06-15;3;1363.52;630.78;Partner
1290;413;27;2025-04-20;1;738.4;510.26;Online
1291;254;17;2025-05-12;5;868.67;609.61;Online
1292;486;2;2025-01-11;2;1280.02;730.52;Store
1293;379;7;2025-11-08;3;1151.92;782.82;Online
1294;150;6;2025-02-02;3;804.67;698.52;Online
1295;143;21;2025-04-20;4;1618.11;832.68;Store
1296;240;5;2025-03-19;2;1310.26;663.93;Store
1297;106;16;2025-04-22;3;616.19;316.82;Online
1298;354;28;2025-05-30;5;1251.04;597.5;Online
1299;321;24;2025-02-11;3;420.05;354.16;Online
1300;402;6;2025-09-14;5;866.56;686.88;Online
1301;448;30;2025-11-13;1;1295.45;630.94;Online
1302;167;13;2025-06-01;2;1292.01;775.87;Store
1303;272;18;2025-03-22;3;1190.04;704.92;Online
1304;333;15;2025-02-16;2;1236.08;630.84;Online
1305;170;12;2025-02-18;5;259.65;213.93;Online
1306;41;21;2025-02-11;2;1721.63;852.7;Online
1307;2;17;2025-09-01;2;852.35;642.8;Store
1308;216;16;2025-08-13;1;668.03;337.98;Partner
1309;489;25;2025-04-19;1;705.19;440.09;Store
1310;476;21;2025-02-21;2;1779.57;825.64;Online
1311;147;25;2025-08-28;5;722.46;421.61;Online
1312;116;9;2025-01-06;4;1413.44;739.42;Online
1313;155;17;2025-07-12;4;777.25;641.89;Store
1314;88;1;2025-03-18;1;152.56;92.97;Store
1315;326;24;2025-04-13;2;474.27;355.3;Online
1316;359;23;2025-09-05;1;1265.24;818.46;Store
1317;388;1;2025-02-16;2;147.47;89.07;Store
1318;494;29;2025-08-05;1;775.27;598.37;Online
1319;252;3;2025-04-26;5;115.85;89.98;Online
1320;18;28;2025-06-23;3;1219.85;628.72;Store
1321;289;16;2025-01-09;2;658.17;329.85;Online
1322;154;14;2025-03-25;4;1385.44;725.15;Online
1323;194;7;2025-07-06;4;1128.12;751.27;Store
1324;53;1;2025-10-31;1;151.17;92.28;Store
1325;348;26;2025-07-07;5;159.67;131.31;Store
1326;171;7;2025-07-17;5;1119.07;788.04;Store
1327;315;16;2025-01-05;1;705.82;330.74;Online
1328;460;1;2025-11-09;4;134.42;92.63;Store
1329;171;9;2025-04-16;2;1312.73;738.27;Store
1330;166;9;2025-04-14;2;1375.83;739.04;Online
1331;5;17;2025-08-15;5;767.02;621.61;Online
1332;238;19;2025-03-30;1;634.19;455.47;Online
1333;27;26;2025-01-14;4;178.91;130.8;Online
1334;300;20;2025-06-05;1;85.72;52.23;Store
1335;318;7;2025-10-24;1;1228.31;741.08;Online
1336;36;6;2025-07-28;1;840.46;719.93;Online
1337;264;16;2025-11-10;3;663.72;335.61;Store
1338;168;19;2025-05-11;3;616.8;466.17;Store
1339;402;5;2025-05-08;3;1324.87;661.01;Store
1340;449;10;2025-06-09;1;977.7;577.03;Online
1341;230;12;2025-09-03;5;253.9;218.44;Store
1342;176;19;2025-09-21;5;617.14;454.92;Partner
1343;103;16;2025-09-06;1;629.99;332.43;Online
1344;228;18;2025-02-09;1;1130.27;682.02;Store
1345;293;11;2025-06-26;1;686.46;415.66;Store
1346;12;16;2025-08-01;1;700.85;328.13;Online
1347;160;24;2025-12-25;3;462.43;341.41;Online
1348;433;17;2025-10-06;1;786.58;643.06;Store
1349;323;13;2025-12-19;1;1421.45;766.9;Online
1350;126;5;2025-03-09;3;1303.76;648.76;Online
1351;478;20;2025-10-05;2;93.52;49.21;Store
1352;43;29;2025-03-07;2;781.56;584.91;Online
1353;411;2;2025-11-08;1;1485.76;701.02;Store
1354;118;16;2025-05-02;2;600.47;332.84;Online
1355;36;15;2025-08-25;1;1302.52;642.22;Online
1356;66;9;2025-07-07;5;1268.41;702.86;Online
1357;485;12;2025-08-20;3;244.55;214.45;Store
1358;151;10;2025-08-09;5;995.91;571.09;Online
1359;151;7;2025-02-25;1;1136.48;768.44;Online
1360;160;9;2025-05-19;1;1494.94;736.99;Online
1361;246;20;2025-06-04;2;93.57;50.89;Partner
1362;43;3;2025-01-14;1;117.63;86.64;Online
1363;236;22;2025-01-13;4;1011.99;694.6;Store
1364;94;5;2025-05-20;2;1333.8;691.1;Online
1365;368;4;2025-05-28;4;1267.67;613.68;Store
1366;392;16;2025-07-28;1;601.19;317.14;Store
1367;292;15;2025-03-21;1;;623.36;Online
1368;213;9;2025-03-23;2;1305.4;704.23;Online
1369;70;13;2025-08-01;1;1251.9;752.98;Online
1370;308;22;2025-06-21;1;1031.84;691.34;Online
1371;348;1;2025-05-15;1;131.76;92.14;Online
1372;231;25;2025-04-17;2;707.03;435.71;Online
1373;221;28;2025-11-16;5;1157.3;593.92;Online
1374;56;7;2025-01-08;2;1113.9;763.39;Store
1375;38;9;2025-10-03;2;1335.73;729.15;Store
1376;203;1;2025-09-23;3;134.63;93.54;Online
1377;366;13;2025-09-12;3;1448.19;799.0;Online
1378;260;22;2025-06-16;2;1032.2;697.45;Online
1379;440;8;2025-03-16;1;793.34;411.58;Online
1380;457;18;2025-01-06;1;1077.93;719.34;Online
1381;372;13;2025-02-09;4;1478.89;785.77;Online
1382;476;4;2025-04-09;5;1366.29;650.05;Store
1383;34;6;2025-07-04;2;914.54;714.01;Online
1384;149;18;2025-05-27;1;1214.16;696.09;Store
1385;69;7;2025-03-27;2;1170.22;754.18;Store
1386;402;27;2025-03-27;4;780.9;528.16;Online
1387;189;18;2025-06-23;2;1143.31;689.54;Online
1388;81;6;2025-12-14;1;811.94;678.07;Store
1389;101;17;2025-10-14;1;856.91;639.21;Partner
1390;499;25;2025-05-20;5;690.08;442.88;Partner
1391;177;10;2025-07-10;4;965.63;601.69;Partner
1392;29;12;2025-02-02;2;262.23;219.18;Store
1393;294;27;2025-01-18;3;869.67;504.94;Partner
1394;9;2;2025-08-30;2;1286.58;709.79;Online
1395;174;3;2025-07-26;3;112.77;86.59;Store
1396;10;6;2025-05-25;1;814.94;699.32;Store
1397;10;18;2025-09-07;4;1141.57;726.75;Partner
1398;137;12;2025-03-12;1;239.48;216.79;Online
1399;303;6;2025-04-19;5;938.83;680.31;Online
1400;281;7;2025-10-16;2;1209.12;770.38;Online
1401;254;15;2025-05-26;1;1305.76;635.45;Store
1402;382;17;2025-03-02;4;745.97;632.57;Online
1403;406;10;2025-12-23;5;949.12;573.53;Online
1404;74;22;2025-04-12;5;1005.43;654.14;Online
1405;391;5;2025-09-16;1;1293.83;686.38;Online
1406;147;24;2025-01-30;3;470.57;336.46;Online
1407;262;4;2025-07-27;1;1278.46;628.2;Online
1408;43;6;2025-06-03;5;912.37;685.32;Partner
1409;358;8;2025-11-29;2;889.48;413.23;Online
1410;426;12;2025-04-08;2;261.36;213.52;Online
1411;486;8;2025-09-15;2;801.27;427.19;Store
1412;238;13;2025-09-01;3;1244.25;772.11;Online
1413;310;15;2025-04-02;3;1435.94;634.25;Online
1414;437;19;2025-11-01;1;548.9;475.3;Store
1415;235;29;2025-12-10;1;755.62;573.84;Partner
1416;332;5;2025-02-20;1;1175.19;685.75;Store
1417;249;21;2025-12-11;1;1805.99;835.89;Online
1418;116;9;2025-01-03;2;1334.39;739.59;Online
1419;362;12;2025-03-20;3;262.71;206.65;Store
1420;207;8;2025-12-24;2;873.57;417.0;Online
1421;77;6;2025-12-09;2;841.26;716.56;Online
1422;238;26;2025-11-09;2;182.95;123.76;Online
1423;381;3;2025-01-31;1;116.36;90.41;Store
1424;390;16;2025-11-09;2;673.87;337.78;Store
1425;488;23;2025-07-03;1;1416.04;793.6;Online
1426;80;27;2025-11-30;1;754.03;512.61;Online
1427;412;29;2025-02-14;4;820.54;598.32;Store
1428;364;27;2025-02-22;1;803.32;498.83;Online
1429;397;22;2025-10-25;1;990.46;690.28;Online
1430;346;14;2025-11-06;3;1502.66;741.48;Partner
1431;77;26;2025-03-23;3;169.68;130.41;Store
1432;260;10;2025-04-06;5;984.42;588.15;Store
1433;101;16;2025-03-19;4;695.69;316.83;Online
1434;181;11;2025-07-09;5;681.61;428.89;Online
1435;47;9;2025-07-21;5;1390.38;705.18;Online
1436;454;4;2025-03-20;1;1292.93;642.73;Online
1437;3;2;2025-06-22;1;1364.38;733.52;Online
1438;237;3;2025-05-22;2;116.37;90.9;Store
1439;184;28;2025-07-10;3;1290.21;589.43;Store
1440;461;26;2025-07-21;5;172.31;131.19;Online
1441;185;19;2025-04-09;1;595.85;464.92;Online
1442;325;7;2025-01-26;1;1171.16;775.28;Store
1443;284;4;2025-05-08;4;1368.37;613.61;Online
1444;397;15;2025-07-30;1;1238.21;625.5;Online
1445;7;3;2025-07-19;1;114.47;89.07;Online
1446;463;20;2025-01-13;2;84.68;49.39;Online
1447;412;18;2025-10-27;2;1101.21;713.22;Partner
1448;189;10;2025-12-26;2;915.14;598.93;Store
1449;471;22;2025-05-05;1;973.38;696.48;Online
1450;341;30;2025-01-05;1;1238.84;638.04;Online
1451;203;26;2025-02-23;1;175.04;129.47;Store
1452;301;19;2025-03-30;5;624.33;453.05;Store
1453;237;29;2025-09-11;1;841.79;566.74;Store
1454;18;3;2025-01-16;3;106.83;89.49;Online
1455;206;21;2025-02-10;2;1775.98;827.06;Online
1456;303;14;2025-01-12;5;1338.69;763.95;Online
1457;494;22;2025-06-18;1;973.8;672.61;Online
1458;63;11;2025-05-20;1;696.75;431.69;Online
1459;25;28;2025-09-29;2;1104.69;598.98;Online
1460;24;10;2025-11-14;4;947.21;592.48;Online
1461;107;12;2025-12-08;2;238.99;209.38;Online
1462;140;6;2025-05-17;3;796.17;675.19;Partner
1463;482;30;2025-02-11;2;1238.34;653.17;Online
1464;228;13;2025-08-16;1;1338.81;811.7;Store
1465;64;30;2025-06-25;3;1262.95;652.2;Store
1466;307;14;2025-02-12;1;1411.12;739.05;Online
1467;110;5;2025-05-25;2;1214.7;660.67;Online
1468;235;5;2025-07-18;5;1259.88;663.79;Online
1469;389;26;2025-12-20;3;170.43;125.68;Store
1470;5;29;2025-10-10;2;772.65;558.86;Online
1471;398;23;2025-11-22;5;1419.73;842.71;Online
1472;69;30;2025-11-19;1;1203.02;648.82;Online
1473;490;25;2025-11-27;5;712.67;436.76;Online
1474;465;2;2025-08-22;4;1410.42;728.88;Online
1475;123;10;2025-05-06;1;947.96;602.25;Partner
1476;4;9;2025-11-24;2;1261.52;699.11;Online
1477;95;18;2025-06-24;2;1096.64;717.01;Store
1478;115;8;2025-01-04;1;873.36;424.25;Store
1479;98;7;2025-05-11;2;1218.5;758.03;Online
1480;202;30;2025-06-09;1;1284.24;657.06;Online
1481;87;22;2025-03-20;2;1043.25;701.67;Store
1482;126;2;2025-09-22;4;1489.66;712.78;Store
1483;10;2;2025-09-02;4;1275.88;695.56;Partner
1484;280;29;2025-03-25;5;822.33;561.97;Online
1485;95;4;2025-08-09;4;1338.6;632.49;Online
1486;469;13;2025-02-08;4;1411.42;755.89;Online
1487;266;12;2025-10-07;1;275.49;217.73;Online
1488;147;24;2025-11-14;1;430.32;345.3;Online
1489;392;14;2025-07-19;4;1512.16;744.06;Store
1490;381;7;2025-09-02;2;1088.96;768.89;Online
1491;109;29;2025-06-03;5;802.04;589.35;Online
1492;64;23;2025-02-22;1;1222.47;835.79;Online
1493;374;16;2025-06-20;2;606.75;317.56;Store
1494;24;19;2025-06-09;1;573.37;462.64;Store
1495;82;25;2025-06-03;2;685.52;429.89;Online
1496;91;2;2025-11-05;1;1468.8;689.23;Store
1497;8;18;2025-01-01;2;1189.47;721.19;Online
1498;32;24;2025-06-06;2;438.43;349.57;Store
1499;85;10;2025-10-12;5;942.37;593.76;Online
1500;370;9;2025-02-26;2;1407.33;713.78;Store
1501;18;8;2025-05-25;3;889.94;423.82;Store
1502;104;27;2025-12-24;1;832.85;537.36;Online
1503;431;7;2025-07-22;5;1073.05;754.61;Online
1504;427;14;2025-05-11;2;1403.95;779.0;Online
1505;375;16;2025-11-13;5;694.62;322.47;Online
1506;177;19;2025-05-31;4;591.37;448.05;Store
1507;102;21;2025-05-07;2;1848.86;858.21;Store
1508;94;20;2025-08-21;3;90.96;50.36;Store
1509;152;19;2025-10-04;2;547.38;465.87;Store
1510;332;11;2025-09-13;1;663.08;431.34;Store
1511;390;17;2025-10-21;2;849.49;620.49;Partner
1512;33;2;2025-06-24;1;1403.45;689.4;Store
1513;476;24;2025-07-19;1;445.85;348.53;Store
1514;135;15;2025-09-18;1;1347.76;638.03;Store
1515;97;17;2025-11-26;1;852.01;620.0;Online
1516;89;17;2025-03-07;5;844.99;609.26;Store
1517;199;9;2025-02-22;2;1382.12;698.79;Online
1518;102;29;2025-05-01;1;869.55;584.36;Online
1519;34;5;2025-08-05;1;1199.84;676.27;Partner
1520;193;27;2025-05-06;1;772.8;504.06;Partner
1521;101;8;2025-12-30;1;860.88;416.96;Online
1522;288;21;2025-12-27;1;1590.51;811.55;Online
1523;145;30;2025-09-20;2;1294.96;630.29;Store
1524;473;29;2025-07-20;1;898.36;583.03;Store
1525;488;8;2025-12-23;3;844.56;430.12;Partner
1526;302;12;2025-06-06;5;273.27;216.67;Online
1527;75;5;2025-10-12;1;1183.94;697.02;Online
1528;223;21;2025-09-23;3;1777.78;819.81;Online
1529;431;19;2025-06-16;2;553.53;466.64;Online
1530;81;18;2025-03-29;2;1074.04;727.32;Online
1531;264;28;2025-10-29;5;1157.59;602.61;Online
1532;426;28;2025-11-05;3;1088.85;612.59;Online
1533;466;18;2025-02-07;2;1040.9;727.79;Online
1534;196;17;2025-01-01;3;881.88;618.83;Partner
1535;417;11;2025-06-18;4;661.75;422.96;Online
1536;83;30;2025-11-15;5;1226.73;640.54;Store
1537;20;9;2025-04-17;3;1423.8;714.48;Online
1538;479;28;2025-03-29;1;1213.74;592.82;Online
1539;35;1;2025-09-15;1;146.45;92.07;Store
1540;312;21;2025-03-19;1;1602.13;847.64;Store
1541;498;17;2025-06-12;1;860.11;598.32;Store
1542;332;4;2025-01-09;3;1305.28;648.32;Online
1543;45;17;2025-08-09;1;841.66;600.49;Online
1544;116;22;2025-03-23;1;934.52;697.21;Store
1545;170;26;2025-01-05;1;173.83;131.05;Online
1546;377;22;2025-06-16;1;1053.69;687.12;Online
1547;105;15;2025-03-25;1;1291.66;651.86;Online
1548;91;16;2025-10-02;1;679.86;326.44;Online
1549;285;29;2025-06-11;2;829.84;598.7;Online
1550;324;29;2025-03-28;3;845.12;564.58;Online
1551;77;14;2025-02-21;1;1299.85;759.15;Store
1552;17;6;2025-09-28;3;937.76;707.23;Store
1553;75;22;2025-12-10;1;958.12;703.92;Store
1554;491;24;2025-10-01;5;429.25;338.55;Store
1555;158;1;2025-12-31;2;150.71;92.71;Online
1556;415;22;2025-03-08;1;1050.49;658.24;Store
1557;384;15;2025-07-05;2;1327.85;625.13;Online
1558;24;26;2025-11-21;4;162.71;130.03;Store
1559;220;25;2025-01-29;2;625.62;441.82;Online
1560;319;11;2025-05-12;4;665.19;427.15;Online
1561;429;23;2025-04-08;5;1420.41;851.83;Store
1562;274;9;2025-03-24;5;1479.37;715.0;Online
1563;279;4;2025-03-01;2;1371.26;632.46;Online
1564;272;18;2025-04-09;1;1214.08;698.21;Online
1565;453;1;2025-06-21;4;152.08;88.96;Online
1566;29;14;2025-01-19;1;1464.54;727.08;Online
1567;175;12;2025-11-06;2;252.53;209.22;Online
1568;175;2;2025-08-11;1;1503.43;693.68;Online
1569;161;4;2025-06-04;4;1423.44;651.94;Store
1570;290;25;2025-07-02;2;722.78;437.33;Online
1571;326;15;2025-03-29;1;1230.92;657.9;Online
1572;31;22;2025-11-06;5;979.08;672.8;Store
1573;455;25;2025-01-24;1;649.88;430.86;Partner
1574;352;9;2025-03-09;2;1495.23;694.77;Online
1575;319;18;2025-08-23;1;1060.22;716.9;Store
1576;145;16;2025-06-17;2;666.63;333.0;Store
1577;20;24;2025-03-30;3;481.86;352.59;Online
1578;120;29;2025-12-01;5;799.71;554.79;Store
1579;317;14;2025-12-24;3;1412.21;728.18;Online
1580;254;27;2025-06-29;1;838.45;509.59;Online
1581;30;16;2025-12-22;1;675.41;334.3;Online
1582;436;12;2025-07-26;3;265.91;215.89;Store
1583;94;4;2025-05-30;1;1361.22;647.07;Store
1584;204;6;2025-10-04;2;893.53;678.68;Online
1585;26;20;2025-06-10;1;88.57;49.37;Partner
1586;310;8;2025-11-01;1;773.9;400.15;Online
1587;107;19;2025-10-21;1;563.91;442.49;Online
1588;163;2;2025-07-17;2;1432.72;718.93;Online
1589;99;27;2025-07-03;3;742.02;515.7;Store
1590;395;10;2025-06-08;2;939.28;568.1;Partner
1591;171;6;2025-03-14;1;793.19;688.35;Partner
1592;371;25;2025-12-08;5;683.78;425.5;Online
1593;234;2;2025-11-06;5;1385.75;703.48;Online
1594;136;24;2025-03-12;1;467.23;349.13;Store
1595;207;1;2025-07-31;1;142.21;94.46;Partner
1596;233;18;2025-10-24;1;1061.04;717.87;Online
1597;285;17;2025-12-26;4;799.64;613.17;Online
1598;376;8;2025-05-31;3;822.2;403.87;Online
1599;266;3;2025-12-10;3;110.51;89.01;Online
1600;54;5;2025-08-02;2;1173.17;694.31;Online
1601;469;13;2025-07-30;1;1431.28;761.07;Partner
1602;407;2;2025-12-04;4;1424.95;692.0;Online
1603;178;11;2025-02-24;4;738.3;405.42;Online
1604;471;8;2025-09-10;1;864.67;410.04;Online
1605;300;26;2025-03-30;3;181.32;123.59;Partner
1606;78;18;2025-10-02;2;1026.6;732.39;Online
1607;467;25;2025-07-17;3;715.26;433.76;Partner
1608;47;7;2025-05-07;1;1180.91;764.65;Store
1609;2;22;2025-01-09;2;1031.97;669.98;Store
1610;185;4;2025-08-01;3;1415.5;624.83;Online
1611;230;10;2025-05-24;2;904.22;570.55;Partner
1612;247;7;2025-08-23;2;1157.3;736.76;Online
1613;78;30;2025-09-24;3;1137.51;654.23;Online
1614;376;3;2025-10-19;3;108.35;86.8;Store
1615;57;9;2025-02-18;1;1320.61;728.17;Store
1616;310;28;2025-10-21;1;1246.61;615.6;Online
1617;100;2;2025-10-01;4;1323.43;713.36;Online
1618;486;1;2025-07-30;5;150.85;91.81;Store
1619;310;15;2025-03-12;3;1242.17;637.62;Online
1620;121;14;2025-10-11;2;1317.71;781.9;Online
1621;283;1;2025-01-29;1;145.97;89.58;Online
1622;435;22;2025-09-02;1;1066.01;670.94;Store
1623;465;4;2025-07-08;3;1403.91;617.38;Online
1624;210;9;2025-09-09;1;1493.47;718.62;Store
1625;378;29;2025-08-14;4;871.47;569.38;Online
1626;199;9;2025-06-29;1;1344.05;692.73;Online
1627;481;14;2025-01-08;1;1323.22;745.91;Online
1628;18;22;2025-03-20;3;930.74;654.78;Online
1629;192;5;2025-05-14;2;1379.16;654.68;Online
1630;227;22;2025-01-29;2;903.27;661.52;Partner
1631;454;4;2025-12-28;3;1392.68;625.47;Store
1632;342;6;2025-12-09;1;840.11;721.15;Online
1633;1;4;2025-03-04;5;1245.59;656.46;Store
1634;268;18;2025-04-24;4;1168.19;688.13;Partner
1635;268;29;2025-05-08;5;843.55;577.75;Online
1636;482;1;2025-03-16;2;146.05;93.07;Online
1637;347;15;2025-09-18;3;1310.93;663.78;Store
1638;246;1;2025-08-20;1;147.73;91.27;Store
1639;224;6;2025-08-29;1;851.78;706.84;Partner
1640;399;27;2025-02-04;2;849.24;500.5;Online
1641;321;28;2025-02-03;2;1282.93;598.52;Online
1642;322;16;2025-07-23;5;635.93;337.09;Online
1643;345;23;2025-04-02;2;1231.53;838.4;Store
1644;189;16;2025-12-25;1;615.19;341.19;Store
1645;258;25;2025-07-19;3;719.19;415.81;Online
1646;330;21;2025-10-15;1;1630.48;848.22;Store
1647;152;20;2025-10-02;1;98.06;49.06;Online
1648;226;30;2025-10-06;4;1334.67;654.86;Store
1649;48;9;2025-10-08;1;1484.07;733.43;Online
1650;172;12;2025-06-09;1;248.08;221.28;Online
1651;1;14;2025-08-25;5;1416.68;750.5;Online
1652;10;3;2025-07-10;1;100.54;86.25;Online
1653;116;10;2025-04-17;1;991.14;571.28;Online
1654;453;27;2025-10-09;1;802.56;532.28;Online
1655;132;7;2025-04-25;3;1174.65;756.22;Online
1656;449;1;2025-05-20;4;138.44;89.27;Online
1657;104;28;2025-10-07;1;1093.94;608.04;Store
1658;8;15;2025-10-14;5;1221.06;632.23;Online
1659;46;11;2025-04-16;2;729.58;410.12;Store
1660;69;5;2025-01-01;2;1243.78;673.74;Online
1661;395;29;2025-11-02;5;873.24;594.65;Online
1662;202;16;2025-12-16;1;702.69;321.16;Online
1663;368;21;2025-05-29;1;1808.77;823.9;Store
1664;296;27;2025-04-25;2;764.15;499.63;Online
1665;374;3;2025-09-10;2;105.46;87.07;Online
1666;57;29;2025-09-05;1;797.37;575.41;Online
1667;178;28;2025-05-24;1;1224.89;618.31;Store
1668;391;20;2025-11-24;4;89.3;50.45;Store
1669;52;18;2025-01-15;2;1065.19;696.43;Online
1670;379;1;2025-06-29;2;130.42;92.38;Store
1671;140;17;2025-01-14;3;743.64;597.53;Store
1672;214;25;2025-04-05;3;699.26;434.25;Store
1673;224;22;2025-11-04;3;908.48;656.22;Online
1674;233;16;2025-11-25;4;638.65;323.4;Store
1675;342;8;2025-08-15;4;794.98;410.49;Online
1676;499;9;2025-05-12;1;1311.58;703.89;Online
1677;282;24;2025-12-24;1;441.75;330.82;Partner
1678;20;24;2025-02-11;5;483.12;338.39;Store
1679;88;10;2025-02-06;5;903.88;583.04;Partner
1680;287;26;2025-02-10;5;159.77;125.66;Online
1681;396;13;2025-02-07;2;1312.53;799.72;Online
1682;359;21;2025-03-28;4;1769.38;829.61;Online
1683;153;5;2025-02-26;3;1264.85;647.51;Partner
1684;320;21;2025-03-26;4;1718.72;869.59;Online
1685;166;6;2025-05-02;5;928.88;693.82;Online
1686;93;10;2025-01-22;4;974.29;581.72;Online
1687;215;20;2025-06-20;3;89.34;50.83;Partner
1688;408;8;2025-03-16;2;859.4;416.72;Store
1689;220;19;2025-02-19;2;547.01;465.92;Online
1690;29;1;2025-06-08;2;144.76;95.54;Store
1691;40;26;2025-05-13;1;173.25;133.09;Online
1692;451;25;2025-10-07;2;646.68;429.95;Online
1693;261;1;2025-09-18;1;135.21;90.97;Partner
1694;380;12;2025-01-22;4;258.43;206.74;Online
1695;326;28;2025-07-13;2;1276.54;602.85;Store
1696;224;24;2025-06-22;5;412.32;355.7;Online
1697;486;26;2025-06-20;2;174.95;126.84;Store
1698;225;8;2025-05-17;2;851.86;423.08;Online
1699;272;21;2025-10-04;2;1786.41;850.89;Store
1700;217;25;2025-07-14;2;643.01;433.31;Online
1701;383;7;2025-11-23;4;1125.26;764.45;Partner
1702;321;8;2025-10-21;1;785.22;406.71;Store
1703;446;24;2025-09-28;2;431.13;343.99;Online
1704;229;21;2025-06-30;2;1591.25;860.38;Store
1705;34;10;2025-02-09;3;934.73;572.19;Online
1706;264;21;2025-11-09;5;1760.99;843.82;Store
1707;297;14;2025-03-13;1;1380.48;777.35;Store
1708;290;28;2025-12-09;1;1187.98;616.17;Online
1709;65;7;2025-02-04;4;1172.75;773.48;Online
1710;378;16;2025-10-04;1;614.92;329.74;Online
1711;304;29;2025-12-30;2;765.18;554.69;Store
1712;485;6;2025-08-30;1;857.25;680.9;Store
1713;220;15;2025-06-19;1;1394.29;636.58;Store
1714;149;1;2025-10-28;3;137.47;91.87;Online
1715;264;30;2025-03-22;1;1329.49;660.5;Online
1716;28;10;2025-07-18;2;997.48;594.37;Online
1717;348;2;2025-09-12;4;1285.01;680.66;Online
1718;266;15;2025-09-09;5;1395.54;625.0;Online
1719;281;24;2025-11-06;2;424.73;340.57;Store
1720;466;30;2025-09-15;3;1133.72;649.71;Online
1721;252;26;2025-02-04;2;163.82;127.94;Online
1722;397;8;2025-05-15;2;882.63;426.12;Online
1723;450;3;2025-06-29;2;107.1;86.75;Partner
1724;90;30;2025-04-06;1;1303.92;646.71;Online
1725;440;20;2025-02-18;1;83.69;52.47;Store
1726;489;8;2025-09-12;2;909.76;413.1;Partner
1727;391;27;2025-04-28;1;832.68;524.72;Store
1728;91;11;2025-09-16;1;653.83;419.96;Store
1729;258;23;2025-05-07;2;1210.76;792.65;Store
1730;20;17;2025-06-01;4;767.02;614.59;Partner
1731;233;6;2025-09-13;1;892.41;699.07;Partner
1732;144;28;2025-08-17;3;1086.21;611.11;Partner
1733;164;14;2025-09-22;5;1443.89;730.15;Online
1734;67;21;2025-12-10;1;1690.08;853.74;Online
1735;482;11;2025-03-03;3;727.74;416.73;Partner
1736;261;28;2025-04-01;2;1115.71;625.29;Online
1737;410;26;2025-04-17;2;169.75;128.84;Online
1738;339;28;2025-03-13;1;1276.25;589.34;Store
1739;290;28;2025-03-16;2;1097.48;626.83;Store
1740;225;11;2025-12-12;2;731.89;405.97;Store
1741;138;13;2025-11-03;1;1442.15;770.88;Partner
1742;232;18;2025-07-07;2;1108.28;704.44;Store
1743;278;21;2025-05-31;4;1713.48;823.45;Store 
1744;112;24;2025-11-15;2;451.3;342.57;Online
1745;128;21;2025-02-22;2;1882.14;815.3;Online
1746;304;2;2025-03-10;4;1415.1;701.98;Store
1747;34;14;2025-11-09;1;1399.31;727.85;Partner
1748;111;22;2025-06-05;4;1046.98;695.43;Online
1749;334;4;2025-07-01;1;1425.76;659.98;Store
1750;297;7;2025-10-25;1;1214.44;742.88;Store
1751;23;12;2025-03-24;1;263.92;222.96;Store
1752;455;15;2025-09-13;2;1423.05;644.3;Online
1753;87;21;2025-09-10;1;1604.09;862.92;Store
1754;311;5;2025-12-17;1;1381.53;678.8;Store
1755;221;3;2025-09-03;5;115.86;89.22;Online
1756;361;21;2025-07-31;4;1825.22;871.02;Store
1757;95;10;2025-11-27;2;969.49;577.89;Online
1758;257;22;2025-05-01;2;1036.96;660.55;Online
1759;433;9;2025-11-12;3;1438.52;710.58;Online
1760;305;4;2025-05-05;3;1439.34;651.34;Online
1761;476;19;2025-07-15;1;537.42;446.91;Online
1762;399;6;2025-09-04;4;837.2;708.0;Partner
1763;95;18;2025-02-13;2;1172.97;687.37;Online
1764;337;15;2025-06-17;4;1401.19;658.0;Store
1765;281;16;2025-03-16;4;701.06;328.75;Partner
1766;367;27;2025-08-02;2;743.81;506.82;Store
1767;311;4;2025-07-02;2;1348.94;656.41;Store
1768;4;23;2025-10-13;2;1223.99;835.23;Online
1769;6;17;2025-07-31;5;822.69;626.27;Store
1770;98;25;2025-11-11;2;679.44;416.26;Store
1771;347;9;2025-02-12;2;1440.27;685.81;Online
1772;2;6;2025-06-02;1;797.69;675.7;Partner
1773;332;30;2025-01-08;3;1263.77;653.36;Partner
1774;241;16;2025-07-28;1;682.07;341.9;Online
1775;239;14;2025-05-25;1;1378.99;766.67;Online
1776;315;29;2025-12-04;4;757.05;591.26;Store
1777;494;16;2025-02-10;2;696.68;327.3;Online
1778;22;10;2025-03-29;1;947.6;573.85;Store
1779;258;14;2025-07-21;4;1402.4;779.11;Partner
1780;304;6;2025-12-19;3;825.23;711.64;Store
1781;58;9;2025-07-27;1;1358.61;730.04;Store
1782;112;2;2025-06-12;1;1367.84;710.78;Online
1783;38;11;2025-10-10;5;691.18;424.17;Online
1784;425;14;2025-10-13;2;1346.51;738.53;Partner
1785;256;27;2025-09-19;3;753.44;498.85;Online
1786;4;29;2025-04-12;4;829.12;598.12;Online
1787;185;17;2025-10-14;1;787.66;640.71;Store
1788;28;4;2025-10-21;1;1346.52;615.17;Online
1789;264;18;2025-01-09;1;1082.52;694.79;Partner
1790;331;12;2025-06-08;2;246.97;218.58;Online
1791;314;3;2025-08-23;3;112.69;87.23;Online
1792;489;29;2025-12-27;1;779.67;573.51;Online
1793;100;20;2025-08-14;3;90.98;50.94;Online
1794;23;23;2025-06-18;1;1263.26;836.2;Online
1795;43;3;2025-12-12;1;112.4;86.22;Store
1796;127;24;2025-06-03;3;430.27;351.7;Online
1797;304;28;2025-09-04;3;1093.65;626.57;Online
1798;118;14;2025-03-30;2;1432.53;766.86;Partner
1799;111;9;2025-03-30;3;1420.83;722.93;Online
1800;267;12;2025-06-20;4;246.9;210.16;Online
1801;357;9;2025-03-20;1;1267.0;724.07;Partner
1802;273;14;2025-11-25;1;1484.91;739.22;Partner
1803;118;17;2025-01-19;1;814.89;611.06;Store
1804;472;4;2025-03-28;4;1386.85;655.55;Partner
1805;444;7;2025-01-27;2;1208.45;757.14;Online
1806;362;9;2025-01-09;1;1465.36;711.02;Store
1807;391;29;2025-05-10;1;863.76;554.91;Online
1808;465;5;2025-07-16;1;1250.03;670.43;Online
1809;110;2;2025-09-27;3;1270.32;723.3;Partner
1810;132;22;2025-05-27;2;1009.36;687.93;Partner
1811;60;29;2025-10-26;2;842.79;590.54;Online
1812;124;16;2025-11-06;3;682.97;325.84;Online
1813;310;6;2025-05-20;2;933.1;715.63;Online
1814;71;8;2025-08-29;4;876.34;415.29;Online
1815;450;4;2025-12-24;4;1351.88;631.09;Partner
1816;52;20;2025-04-08;5;90.15;50.32;Partner
1817;144;29;2025-08-26;5;872.15;574.99;Online
1818;19;12;2025-12-27;5;249.77;219.5;Partner
1819;436;30;2025-02-04;5;1251.37;638.92;Partner
1820;170;7;2025-12-12;1;1231.17;776.03;Online
1821;349;4;2025-07-08;2;1428.12;642.5;Online
1822;11;17;2025-04-03;5;874.77;614.23;Store
1823;216;9;2025-09-16;2;1307.79;714.84;Online
1824;35;11;2025-11-20;1;651.38;404.24;Store
1825;448;7;2025-05-02;1;1238.32;750.03;Partner
1826;274;19;2025-10-12;3;592.21;446.95;Store
1827;20;25;2025-07-26;1;711.33;428.69;Partner
1828;92;25;2025-07-29;1;725.15;443.09;Store
1829;169;4;2025-06-06;4;1358.89;629.17;Partner
1830;307;17;2025-07-29;4;839.9;608.76;Partner
1831;118;18;2025-09-06;2;1104.37;689.58;Store
1832;289;13;2025-05-30;5;1474.23;798.31;Online
1833;327;22;2025-07-10;1;1038.66;679.39;Partner
1834;116;12;2025-06-06;1;278.24;215.65;Store
1835;129;28;2025-05-25;2;1177.48;614.62;Store
1836;239;29;2025-04-19;1;860.47;566.91;Store
1837;280;25;2025-10-09;5;673.6;422.82;Online
1838;336;5;2025-01-23;1;1355.1;667.33;Online
1839;459;23;2025-02-27;1;1250.24;852.62;Online
1840;24;13;2025-04-07;2;1297.84;768.18;Online
1841;26;11;2025-05-01;5;685.68;413.41;Online
1842;379;29;2025-05-28;1;879.86;568.81;Partner
1843;213;10;2025-11-11;1;921.56;576.14;Store
1844;98;20;2025-12-28;3;85.67;51.33;Online
1845;442;30;2025-03-05;3;1259.09;657.92;Store
1846;335;17;2025-11-18;1;841.05;612.98;Online
1847;462;25;2025-04-19;1;700.37;415.61;Online
1848;363;26;2025-07-20;1;178.07;129.41;Store
1849;108;6;2025-02-28;4;861.28;689.95;Online
1850;48;12;2025-09-26;2;238.19;213.85;Store
1851;68;15;2025-06-04;1;1295.66;637.45;Store
1852;319;28;2025-01-31;2;1223.61;591.56;Partner
1853;246;10;2025-02-25;1;873.48;569.46;Store
1854;471;8;2025-04-16;1;795.68;430.72;Store
1855;115;28;2025-09-11;4;1271.68;611.04;Online
1856;386;10;2025-02-07;1;953.44;566.71;Online
1857;210;21;2025-07-07;1;1599.36;813.33;Store
1858;325;5;2025-05-06;1;1211.34;685.0;Online
1859;7;2;2025-11-04;5;1478.62;688.37;Online
1860;382;6;2025-03-08;3;830.65;717.58;Store
1861;421;18;2025-10-30;1;1199.4;722.84;Store
1862;333;3;2025-05-03;3;114.17;92.09;Store
1863;169;16;2025-10-18;2;681.13;340.24;Store
1864;98;7;2025-11-03;1;1162.17;786.65;Online
1865;161;12;2025-03-23;5;255.99;210.37;Online
1866;6;13;2025-08-02;1;1401.19;787.45;Store
1867;77;19;2025-01-21;1;552.32;446.39;Online
1868;444;23;2025-03-21;1;1345.03;803.17;Online
1869;212;5;2025-01-02;2;1304.36;688.24;Online
1870;126;19;2025-10-27;4;566.56;443.28;Online
1871;470;3;2025-05-13;5;106.01;89.04;Store
1872;263;12;2025-05-16;3;236.83;214.8;Online
1873;169;8;2025-02-08;1;875.24;420.83;Store
1874;124;2;2025-04-25;5;1277.84;724.21;Store
1875;93;18;2025-11-30;2;1174.35;723.52;Online
1876;58;24;2025-11-09;1;450.61;347.35;Store
1877;77;14;2025-12-08;1;1403.81;738.55;Online
1878;288;14;2025-02-02;4;1341.74;735.56;Online
1879;400;2;2025-10-10;1;1350.95;705.3;Online
1880;359;17;2025-09-16;5;821.75;608.68;Online
1881;180;5;2025-11-09;2;1312.92;647.69;Online
1882;161;10;2025-10-13;1;992.47;575.01;Online
1883;450;11;2025-10-13;1;648.39;413.07;Online
1884;378;3;2025-04-02;2;108.39;85.9;Store
1885;384;9;2025-05-09;5;1480.26;709.34;Online
1886;148;26;2025-04-11;1;162.72;128.79;Online
1887;261;26;2025-12-28;3;184.44;130.65;Store
1888;119;16;2025-06-12;5;711.01;338.36;Store
1889;126;18;2025-06-27;1;1197.77;682.52;Online
1890;486;13;2025-01-18;2;1377.2;761.67;Online
1891;467;7;2025-02-20;1;1040.84;776.23;Online
1892;323;11;2025-06-08;1;695.49;427.98;Online
1893;95;11;2025-02-05;3;638.32;427.0;Partner
1894;462;19;2025-12-05;5;576.95;455.45;Online
1895;284;2;2025-02-13;1;1381.34;706.42;Online
1896;238;19;2025-04-10;1;567.98;447.49;Store
1897;414;16;2025-01-25;3;606.49;327.31;Partner
1898;46;2;2025-08-03;2;1274.41;686.23;Online
1899;368;5;2025-11-04;2;1366.47;655.71;Online
1900;437;25;2025-12-23;2;725.55;420.67;Store
1901;340;28;2025-06-28;1;1249.61;618.44;Store
1902;110;6;2025-09-25;2;812.1;719.16;Online
1903;409;2;2025-02-13;5;1338.01;711.42;Online
1904;164;20;2025-07-01;1;89.9;50.63;Online
1905;392;8;2025-05-01;1;873.54;404.2;Online
1906;382;11;2025-06-01;2;718.81;413.75;Store
1907;262;21;2025-11-28;4;1803.87;815.95;Partner
1908;479;24;2025-12-28;2;424.0;334.5;Store
1909;467;13;2025-05-28;3;1331.97;782.54;Online
1910;22;5;2025-03-14;1;1343.38;674.6;Partner
1911;120;23;2025-08-23;4;1308.41;844.75;Partner
1912;494;22;2025-12-06;1;1008.32;659.29;Online
1913;180;21;2025-04-17;4;1633.2;811.0;Partner
1914;301;4;2025-03-05;1;1376.05;654.86;Online
1915;334;17;2025-06-24;1;777.89;631.65;Store
1916;166;10;2025-01-22;1;880.75;567.87;Online
1917;248;1;2025-06-02;4;136.79;93.29;Online
1918;171;26;2025-08-19;5;168.93;124.09;Store
1919;178;1;2025-10-29;1;131.69;94.81;Online
1920;51;15;2025-09-06;2;1363.42;629.68;Store
1921;25;23;2025-11-18;2;1273.65;844.78;Store
1922;158;12;2025-09-08;1;235.13;208.0;Online
1923;191;1;2025-10-04;1;151.93;94.08;Store
1924;278;19;2025-06-21;2;547.1;465.77;Online
1925;386;16;2025-01-28;5;700.75;322.3;Store
1926;446;4;2025-09-07;1;1214.38;620.66;Store
1927;424;11;2025-12-24;1;753.72;417.22;Online
1928;384;16;2025-09-18;2;654.35;332.21;Partner
1929;114;10;2025-04-21;2;838.02;605.61;Online
1930;414;9;2025-04-22;5;1396.13;691.77;Online
1931;341;11;2025-07-01;5;685.56;407.23;Online
1932;48;13;2025-08-24;1;1449.23;751.75;Partner
1933;12;24;2025-11-03;1;468.32;350.77;Store
1934;263;18;2025-10-09;1;1036.28;722.81;Online
1935;133;8;2025-07-09;2;793.06;424.64;Store
1936;457;26;2025-08-26;1;170.78;131.79;Online
1937;394;21;2025-10-19;2;1690.87;824.45;Store
1938;192;5;2025-01-13;4;1288.89;650.98;Store
1939;321;13;2025-09-15;1;1473.27;795.34;Store
1940;149;26;2025-10-29;2;171.19;125.11;Online
1941;347;13;2025-09-24;2;1418.59;778.15;Store
1942;111;25;2025-03-14;5;658.48;440.83;Store
1943;416;3;2025-09-07;1;103.0;90.04;Online
1944;132;15;2025-12-18;4;1288.71;634.39;Store
1945;83;30;2025-08-10;4;1177.58;619.71;Online
1946;393;13;2025-03-28;1;1458.86;792.31;Online
1947;451;9;2025-12-11;2;1369.87;725.14;Online
1948;81;26;2025-12-25;1;165.74;133.28;Online
1949;395;4;2025-05-02;3;1299.54;616.71;Online
1950;330;3;2025-04-13;2;103.22;90.83;Store
1951;235;5;2025-11-27;1;1192.58;660.3;Online
1952;448;24;2025-07-03;1;450.22;348.13;Store
1953;97;10;2025-06-09;1;995.72;580.44;Store
1954;299;21;2025-01-12;2;1654.51;815.47;Online
1955;368;16;2025-02-28;4;682.12;340.01;Partner
1956;189;22;2025-07-03;1;965.77;685.59;Store
1957;103;6;2025-05-14;2;845.91;685.02;Store
1958;289;13;2025-10-01;2;1377.68;785.64;Online
1959;102;18;2025-11-19;1;1154.14;690.1;Partner
1960;445;24;2025-01-09;2;434.8;340.35;Store
1961;380;20;2025-10-23;3;96.76;50.33;Store
1962;239;14;2025-03-02;3;1399.88;769.97;Online
1963;254;7;2025-05-19;1;1227.6;765.0;Online
1964;469;13;2025-12-12;2;1450.88;810.37;Store
1965;171;26;2025-12-18;1;165.93;129.25;Store
1966;338;7;2025-01-17;3;1078.12;750.22;Online
1967;262;26;2025-12-27;3;173.91;131.52;Store
1968;500;12;2025-08-20;4;242.67;215.19;Online
1969;364;13;2025-02-09;2;1261.75;779.42;Store
1970;44;19;2025-11-26;1;544.15;453.14;Store
1971;426;27;2025-10-25;1;835.92;521.31;Partner
1972;25;3;2025-01-11;2;110.13;87.53;Online
1973;377;2;2025-09-01;2;1433.7;717.18;Online
1974;250;26;2025-10-27;2;187.13;124.39;Store
1975;450;28;2025-01-03;4;1251.3;605.34;Store
1976;35;18;2025-05-02;2;1221.06;698.25;Online
1977;100;28;2025-12-28;1;1114.13;602.85;Store
1978;3;26;2025-01-11;1;176.69;128.95;Store
1979;382;21;2025-05-16;5;1690.66;826.0;Store
1980;365;13;2025-12-03;2;1259.2;759.96;Partner
1981;260;3;2025-06-11;2;113.22;85.44;Online
1982;368;12;2025-03-15;2;248.78;217.67;Online
1983;285;1;2025-11-19;1;139.05;90.9;Partner
1984;383;2;2025-01-12;2;1405.69;717.13;Store
1985;176;1;2025-01-07;3;138.46;93.9;Online
1986;227;22;2025-12-30;3;1008.54;662.28;Store
1987;488;23;2025-05-06;2;1269.58;802.39;Online
1988;246;23;2025-11-19;2;1352.97;839.83;Store
1989;159;21;2025-09-16;2;1743.28;819.22;Store
1990;270;29;2025-11-10;2;888.78;599.46;Online
1991;469;22;2025-04-08;3;936.73;655.35;Online
1992;33;24;2025-01-18;1;473.15;347.61;Store
1993;356;9;2025-11-18;2;1298.54;698.75;Online
1994;23;4;2025-12-11;1;1343.19;634.34;Online
1995;303;26;2025-11-19;2;185.87;129.64;Online
1996;302;28;2025-04-08;4;1215.02;613.75;Online
1997;262;15;2025-10-29;4;1330.77;623.91;Online
1998;428;4;2025-04-30;1;1293.61;657.12;Online
1999;235;10;2025-10-19;1;925.71;594.29;Online
2000;229;29;2025-12-25;5;874.84;590.66;Online
2001;363;18;2025-10-31;1;1179.74;691.57;Online
2002;469;2;2025-03-23;2;1432.74;678.22;Online
2003;255;12;2025-11-22;4;235.13;207.44;Store
2004;232;18;2025-10-23;4;1141.72;735.3;Online
2005;444;12;2025-10-04;5;238.22;220.17;Online
2006;130;15;2025-02-16;1;1350.82;655.46;Online
2007;345;5;2025-05-12;1;1217.05;665.44;Partner
2008;256;4;2025-09-14;2;1314.46;626.22;Online
2009;230;22;2025-03-22;2;1036.32;674.62;Store
2010;163;27;2025-03-06;4;864.44;508.65;Partner
2011;367;25;2025-07-21;4;699.8;443.58;Online
2012;327;23;2025-12-27;3;1359.73;840.58;Online
2013;497;11;2025-10-19;2;724.37;423.25;Store
2014;205;24;2025-04-15;2;421.99;347.08;Partner
2015;193;20;2025-03-05;5;98.52;49.94;Store
2016;107;17;2025-08-23;2;778.09;606.67;Online
2017;189;19;2025-05-18;1;578.84;459.39;Online
2018;378;26;2025-11-26;2;160.26;133.27;Store
2019;379;20;2025-07-26;4;84.62;51.56;Online
2020;23;15;2025-05-26;1;1387.05;627.45;Online
2021;205;4;2025-12-12;3;1276.84;638.23;Online
2022;406;24;2025-09-20;1;485.56;338.54;Online
2023;499;8;2025-03-07;1;838.29;406.9;Partner
2024;336;16;2025-03-18;1;652.15;321.33;Online
2025;277;10;2025-04-17;1;867.94;609.26;Store
2026;404;28;2025-09-06;1;1261.38;605.38;Online
2027;189;25;2025-07-21;1;668.34;438.04;Store
2028;461;16;2025-08-13;1;608.56;342.06;Online
2029;207;8;2025-07-11;1;903.5;423.78;Online
2030;335;29;2025-04-02;1;883.03;556.63;Online
2031;226;2;2025-04-26;5;1487.92;710.73;Online
2032;493;9;2025-05-08;2;1332.73;686.02;Store
2033;268;19;2025-09-30;5;583.53;452.9;Online
2034;297;6;2025-06-01;3;910.25;674.82;Online
2035;408;27;2025-06-22;2;809.4;527.26;Online
2036;171;3;2025-09-09;4;116.43;85.74;Online
2037;43;22;2025-06-08;2;961.86;681.84;Store
2038;191;16;2025-08-04;1;610.22;327.67;Partner
2039;382;17;2025-03-15;1;874.18;613.67;Online
2040;29;4;2025-01-17;3;1371.21;652.16;Online
2041;103;14;2025-07-25;1;1521.18;728.76;Store
2042;460;22;2025-09-19;1;958.88;655.13;Online
2043;486;30;2025-08-05;2;1346.33;620.4;Online
2044;248;28;2025-04-09;5;1149.86;620.72;Partner
2045;84;24;2025-02-21;3;422.99;331.79;Store
2046;60;16;2025-10-18;1;633.79;326.45;Online
2047;103;12;2025-08-16;2;238.59;221.36;Store
2048;370;5;2025-12-21;2;1253.1;677.0;Store
2049;492;20;2025-01-26;3;84.23;49.72;Online
2050;395;14;2025-03-14;2;1464.17;733.59;Store
2051;492;10;2025-02-10;2;953.79;568.85;Online
2052;308;12;2025-07-16;3;242.36;222.75;Partner
2053;93;25;2025-12-27;1;699.36;413.12;Store
2054;17;16;2025-01-29;1;637.8;337.1;Store
2055;89;16;2025-09-23;2;686.86;337.77;Store
2056;211;12;2025-07-28;3;272.03;209.2;Online
2057;291;2;2025-02-08;2;1453.2;689.05;Online
2058;274;2;2025-06-13;5;1464.86;707.35;Store
2059;319;4;2025-04-18;4;1374.7;618.13;Partner
2060;16;1;2025-01-07;3;134.67;93.51;Online
2061;244;3;2025-02-11;2;117.79;87.31;Store
2062;87;16;2025-10-08;4;633.3;330.69;Partner
2063;459;10;2025-05-29;2;981.21;581.02;Online
2064;115;10;2025-02-09;4;987.94;594.94;Store
2065;495;12;2025-02-21;1;241.22;209.12;Online
2066;243;20;2025-04-16;1;83.95;50.03;Online
2067;142;5;2025-07-23;1;1217.14;673.61;Store
2068;281;26;2025-04-05;4;176.88;132.41;Online
2069;83;20;2025-01-14;2;87.8;49.83;Online
2070;358;24;2025-06-15;1;464.43;353.31;Online
2071;82;3;2025-10-07;2;105.37;92.3;Store
2072;195;22;2025-05-04;2;1018.42;691.71;Online
2073;254;7;2025-06-23;1;1140.25;787.33;Store
2074;74;16;2025-09-13;5;619.82;318.17;Partner
2075;401;28;2025-05-09;3;1133.63;634.83;Store
2076;224;21;2025-07-22;1;1741.64;860.75;Store
2077;178;17;2025-04-29;2;843.86;620.52;Online
2078;263;3;2025-11-14;1;113.33;85.53;Online
2079;209;28;2025-10-07;3;1083.09;602.95;Store
2080;343;13;2025-08-12;2;1352.7;763.3;Store
2081;436;4;2025-03-08;2;1247.46;614.42;Online
2082;365;27;2025-07-02;1;773.46;503.28;Store
2083;199;14;2025-05-05;5;1446.83;755.33;Store
2084;407;2;2025-11-10;5;1498.19;693.47;Store
2085;73;7;2025-04-17;2;1192.59;791.21;Online
2086;187;21;2025-02-02;3;1652.28;847.89;Store
2087;206;23;2025-06-29;5;1200.51;804.73;Online
2088;268;5;2025-08-16;2;1356.57;668.92;Store
2089;70;12;2025-12-29;1;270.99;217.78;Online
2090;180;28;2025-11-10;2;1121.57;611.25;Store
2091;403;12;2025-03-02;4;257.41;214.58;Store
2092;255;14;2025-05-19;2;1307.96;745.25;Online
2093;499;6;2025-03-10;2;814.4;678.68;Online
2094;328;9;2025-04-16;3;1421.85;701.84;Online
2095;132;15;2025-02-22;1;1331.26;651.81;Store
2096;431;14;2025-11-11;5;1307.47;776.14;Store
2097;268;13;2025-12-12;1;1279.98;807.86;Online
2098;364;27;2025-11-01;2;799.46;523.03;Online
2099;326;13;2025-06-22;5;1299.76;807.84;Partner
2100;106;2;2025-04-23;2;1306.52;712.8;Partner
2101;115;27;2025-05-10;5;764.24;519.87;Online
2102;131;27;2025-10-03;1;755.82;498.11;Online
2103;119;6;2025-03-08;1;925.21;709.26;Online
2104;31;24;2025-01-09;2;472.44;338.59;Online
2105;251;12;2025-05-14;1;259.78;219.4;Store
2106;297;11;2025-05-09;2;726.3;401.44;Online
2107;96;12;2025-01-02;1;250.27;208.21;Store
2108;323;21;2025-01-20;4;1783.71;832.42;Partner
2109;439;22;2025-07-16;2;931.46;687.75;Store
2110;407;21;2025-02-04;4;1864.69;869.16;Store
2111;468;29;2025-07-20;5;753.41;583.0;Online
2112;460;9;2025-06-02;1;1371.59;685.43;Online
2113;386;1;2025-11-24;3;152.74;95.53;Online
2114;30;8;2025-01-22;4;785.48;430.7;Store
2115;37;16;2025-12-13;1;601.97;330.42;Online
2116;393;26;2025-04-29;3;170.9;125.49;Online
2117;411;5;2025-05-05;3;1295.45;688.15;Online
2118;216;9;2025-06-11;4;1421.96;724.73;Online
2119;468;27;2025-02-27;1;790.95;530.29;Online
2120;46;25;2025-10-07;1;634.89;412.99;Store
2121;310;24;2025-05-06;1;420.12;336.52;Online
2122;83;22;2025-07-16;1;933.06;654.55;Store
2123;187;21;2025-05-19;3;1758.64;870.29;Online
2124;239;26;2025-12-18;3;160.3;131.42;Store
2125;450;20;2025-11-05;1;89.56;52.02;Online
2126;247;1;2025-12-24;1;142.62;94.25;Store
2127;60;28;2025-01-23;2;1163.91;599.04;Online
2128;456;23;2025-06-01;1;1247.11;849.35;Online
2129;174;2;2025-08-15;3;1388.32;725.81;Store
2130;472;1;2025-12-04;1;136.84;93.38;Online
2131;242;23;2025-12-19;2;1266.6;798.29;Online
2132;487;13;2025-11-17;2;1467.88;765.62;Store
2133;2;5;2025-01-28;3;1162.28;679.94;Online
2134;438;6;2025-07-28;2;849.84;692.29;Online
2135;269;29;2025-03-27;1;831.88;592.9;Store
2136;95;10;2025-03-04;2;850.85;590.96;Online
2137;209;23;2025-06-12;4;1237.19;796.84;Online
2138;184;17;2025-01-30;2;833.93;619.41;Partner
2139;466;13;2025-12-04;1;1315.05;788.3;Online
2140;254;9;2025-07-01;1;1435.33;737.92;Online
2141;266;6;2025-01-18;2;846.24;720.8;Online
2142;23;21;2025-09-18;5;1777.14;822.65;Store
2143;218;13;2025-09-16;2;1477.65;768.03;Online
2144;494;5;2025-03-31;1;1294.95;685.0;Store
2145;45;10;2025-06-01;1;913.5;589.03;Store
2146;8;20;2025-11-26;4;95.07;49.96;Store
2147;376;23;2025-10-13;5;1288.45;833.84;Online
2148;157;23;2025-12-15;5;1402.8;801.77;Online
2149;465;23;2025-07-29;3;1399.55;812.0;Store
2150;271;21;2025-12-02;1;1623.3;852.79;Online
2151;480;24;2025-02-10;2;448.73;337.29;Partner
2152;304;22;2025-10-12;4;1028.68;684.25;Partner
2153;366;18;2025-06-14;2;1078.68;697.75;Store
2154;355;11;2025-08-25;3;749.4;414.12;Online
2155;287;20;2025-09-10;1;95.13;50.6;Online
2156;323;18;2025-07-29;2;1088.59;697.74;Online
2157;358;27;2025-08-20;1;780.04;505.5;Online
2158;101;5;2025-08-26;4;1182.92;680.44;Online
2159;2;15;2025-03-04;1;1381.54;663.08;Online
2160;103;29;2025-08-04;1;834.18;585.92;Online
2161;357;14;2025-03-23;1;1454.93;748.48;Partner
2162;396;9;2025-07-07;5;1288.68;719.1;Online
2163;30;6;2025-05-31;1;892.74;679.2;Online
2164;334;30;2025-11-20;1;1137.81;621.24;Online
2165;62;14;2025-08-22;3;1355.7;732.32;Store
2166;105;10;2025-12-04;2;988.49;579.1;Online
2167;35;25;2025-03-25;3;709.85;436.45;Online
2168;33;17;2025-06-18;3;843.86;627.47;Online
2169;108;25;2025-01-26;1;638.51;421.99;Online
2170;96;20;2025-06-25;1;93.05;50.55;Online
2171;405;8;2025-01-11;2;877.54;411.76;Online
2172;411;9;2025-03-21;1;1260.6;739.78;Online
2173;468;4;2025-05-29;4;1362.62;634.08;Store
2174;160;29;2025-07-31;1;788.48;593.17;Store
2175;459;30;2025-08-30;1;1336.48;631.41;Store
2176;405;27;2025-11-17;1;763.15;521.45;Store
2177;407;3;2025-09-11;4;105.37;88.22;Online
2178;126;28;2025-03-06;1;1202.27;595.0;Partner
2179;45;24;2025-02-15;1;434.52;340.18;Online
2180;222;25;2025-07-22;2;671.11;434.66;Online
2181;280;4;2025-02-10;1;1283.86;642.5;Online
2182;279;17;2025-02-20;1;843.54;596.0;Online
2183;385;2;2025-11-18;1;1268.35;704.26;Store
2184;262;4;2025-05-23;3;1344.12;637.54;Store
2185;299;11;2025-06-28;3;728.24;425.29;Online
2186;122;20;2025-10-02;1;90.48;48.51;Online
2187;135;19;2025-09-24;4;539.37;460.67;Store
2188;133;28;2025-03-06;3;1103.75;594.93;Store
2189;37;7;2025-04-18;5;1222.64;791.74;Online
2190;280;22;2025-01-29;3;901.83;667.11;Online
2191;271;12;2025-11-22;5;271.5;211.61;Online
2192;172;6;2025-09-17;1;802.33;701.71;Store
2193;497;26;2025-06-10;4;162.62;130.74;Online
2194;237;12;2025-09-27;2;235.61;209.28;Online
2195;318;4;2025-06-11;5;1275.08;637.37;Partner
2196;469;17;2025-01-13;2;877.21;605.52;Online
2197;237;17;2025-07-06;2;858.13;596.67;Store
2198;348;22;2025-03-05;5;920.89;666.07;Partner
2199;133;19;2025-03-30;1;542.29;468.91;Online
2200;103;17;2025-11-24;5;778.27;602.48;Store
2201;330;27;2025-02-02;1;830.59;503.86;Online
2202;268;28;2025-03-13;1;1087.3;625.39;Online
2203;194;12;2025-11-03;4;241.49;217.69;Online
2204;242;4;2025-06-16;3;1282.16;655.82;Partner
2205;31;26;2025-01-16;1;164.95;132.26;Online
2206;381;22;2025-06-25;4;943.72;659.22;Store
2207;428;18;2025-06-12;1;1140.23;726.36;Online
2208;14;8;2025-01-05;3;885.38;430.05;Online
2209;59;27;2025-04-09;4;833.52;510.46;Online
2210;156;16;2025-03-16;1;633.45;340.4;Online
2211;103;29;2025-01-01;2;874.97;566.82;Store
2212;483;17;2025-02-14;5;769.39;604.64;Partner
2213;221;3;2025-11-21;3;99.97;85.9;Store
2214;257;17;2025-05-26;2;811.68;631.02;Partner
2215;49;9;2025-05-07;1;1332.79;727.93;Online
2216;130;21;2025-01-22;2;1770.64;861.18;Online
2217;287;15;2025-06-13;1;1331.42;628.29;Store
2218;481;12;2025-05-25;1;244.19;215.72;Partner
2219;408;10;2025-02-13;1;903.2;610.65;Store
2220;63;5;2025-11-28;2;1337.15;685.91;Online
2221;329;22;2025-11-18;2;930.53;655.83;Online
2222;356;2;2025-04-28;2;1467.03;725.24;Online
2223;433;3;2025-11-14;3;108.36;86.41;Store
2224;267;7;2025-02-15;1;1188.32;771.12;Online
2225;167;21;2025-02-19;5;1595.04;847.8;Online
2226;374;15;2025-09-04;2;1301.96;624.63;Store
2227;212;12;2025-11-09;5;249.37;220.92;Online
2228;118;12;2025-01-11;3;268.84;214.84;Online
2229;420;18;2025-07-02;2;1108.71;724.52;Online
2230;412;14;2025-12-14;2;1526.72;739.18;Online
2231;377;6;2025-11-14;3;861.12;687.75;Online
2232;79;27;2025-10-01;2;820.16;502.23;Online
2233;342;3;2025-07-07;1;107.84;87.08;Online
2234;202;1;2025-04-20;1;133.35;89.2;Online
2235;410;21;2025-11-02;5;1774.84;812.47;Partner
2236;189;30;2025-07-04;2;1153.74;650.51;Partner
2237;92;24;2025-06-15;2;459.37;356.4;Online
2238;31;5;2025-04-20;4;1192.25;665.44;partner 
2239;248;8;2025-10-20;1;852.77;411.86;Online
2240;136;10;2025-12-03;5;933.09;610.34;Online
2241;13;1;2025-01-02;4;151.18;88.7;Store
2242;5;20;2025-11-21;1;91.39;49.47;Online
2243;353;27;2025-01-07;2;844.83;527.28;Partner
2244;464;14;2025-05-29;2;1352.06;760.93;Online
2245;98;22;2025-06-13;1;918.31;699.24;Store
2246;277;11;2025-06-14;3;693.12;424.72;Online
2247;230;17;2025-02-21;1;768.76;632.95;Online
2248;490;2;2025-10-03;1;1365.09;718.18;Online
2249;252;23;2025-06-02;4;1269.76;843.77;Online
2250;376;13;2025-05-08;1;1255.18;754.78;Online
2251;247;26;2025-08-04;2;186.61;128.66;Store
2252;368;6;2025-06-17;2;851.36;717.58;Partner
2253;500;6;2025-11-09;2;890.07;697.31;Online
2254;253;20;2025-06-19;4;88.09;50.56;Online
2255;297;28;2025-01-18;1;1125.77;602.29;Store
2256;154;22;2025-10-28;1;927.43;693.2;Online
2257;330;1;2025-06-13;5;134.15;91.99;Online
2258;86;23;2025-05-11;4;1282.67;834.5;Partner
2259;205;25;2025-06-21;2;672.73;440.32;Online
2260;30;1;2025-09-10;1;151.19;89.39;Online
2261;45;19;2025-09-26;1;565.6;457.34;Online
2262;395;30;2025-01-21;1;1315.75;637.82;Online
2263;22;4;2025-01-21;2;1290.29;623.91;Partner
2264;325;14;2025-02-28;5;1322.89;734.57;Store
2265;14;9;2025-08-23;1;1277.45;689.13;Store
2266;398;9;2025-03-28;5;1298.88;704.84;Online
2267;404;16;2025-12-28;4;696.6;316.48;Online
2268;489;25;2025-02-23;1;683.76;419.09;Online
2269;168;13;2025-12-11;2;1456.67;784.0;Partner
2270;31;22;2025-10-20;1;981.07;673.8;Store
2271;109;6;2025-11-20;5;881.23;700.01;Online
2272;328;17;2025-11-17;3;837.74;605.11;Store
2273;27;11;2025-12-26;3;699.9;405.56;Store
2274;379;14;2025-09-22;2;1448.89;762.58;Store
2275;457;7;2025-09-01;1;1172.21;748.58;Online
2276;313;4;2025-05-02;1;1439.22;620.01;Online
2277;323;28;2025-03-01;5;1130.05;630.5;Online
2278;125;23;2025-07-24;1;1284.83;807.67;Store
2279;36;1;2025-05-07;2;147.89;88.61;Partner
2280;84;11;2025-08-17;1;660.48;410.81;Online
2281;50;16;2025-11-12;3;650.09;327.36;Store
2282;352;10;2025-08-07;2;981.88;575.84;Store
2283;434;29;2025-08-11;2;895.13;568.03;Online
2284;148;10;2025-01-09;1;998.77;576.71;Partner
2285;332;20;2025-03-11;5;98.01;50.77;Partner
2286;291;24;2025-08-04;2;462.87;335.08;Online
2287;467;8;2025-10-19;2;802.54;415.57;Store
2288;402;20;2025-06-20;5;97.99;52.06;Store
2289;329;7;2025-01-03;5;1073.09;743.46;Online
2290;376;18;2025-07-01;3;1027.14;725.67;Online
2291;4;9;2025-10-08;1;1335.07;727.77;Online
2292;39;6;2025-11-15;1;911.52;720.46;Store
2293;68;18;2025-02-08;5;1074.96;685.65;Online
2294;344;8;2025-11-18;2;836.44;409.15;Online
2295;238;12;2025-12-26;1;272.45;218.56;Online
2296;431;4;2025-04-20;1;1222.22;615.05;Online
2297;458;26;2025-08-18;4;181.6;129.44;Store
2298;135;23;2025-11-19;5;1359.79;839.6;Store
2299;90;17;2025-05-04;1;755.78;615.16;Online
2300;304;6;2025-11-09;1;838.33;719.7;Online
2301;419;8;2025-11-24;2;813.43;420.83;Store
2302;326;1;2025-11-17;2;131.26;93.2;Partner
2303;326;28;2025-10-27;1;1237.47;626.27;Store
2304;87;8;2025-05-07;2;801.57;399.47;Store
2305;133;13;2025-08-10;1;1445.91;781.47;Partner
2306;365;24;2025-03-08;4;472.26;332.68;Online
2307;322;28;2025-01-11;1;1164.0;617.39;Online
2308;2;7;2025-03-09;2;1110.39;775.26;Online
2309;22;15;2025-08-05;1;1352.66;620.87;Online
2310;464;25;2025-04-24;1;708.12;419.55;Online
2311;459;9;2025-02-05;5;1350.75;698.59;Online
2312;301;12;2025-10-19;4;278.03;215.58;Online
2313;65;11;2025-01-12;5;692.0;405.51;Partner
2314;240;29;2025-10-29;2;803.68;584.95;Store
2315;82;15;2025-08-31;1;1281.24;631.55;Online
2316;72;24;2025-03-17;1;442.5;352.51;Online
2317;102;9;2025-01-17;5;1285.17;734.8;Online
2318;68;13;2025-07-23;3;1331.39;783.88;Online
2319;408;18;2025-06-22;1;1182.06;714.74;Online
2320;141;2;2025-02-21;2;1402.21;692.89;Store
2321;99;3;2025-11-08;1;112.89;86.4;Online
2322;339;20;2025-10-30;3;83.4;49.01;Online
2323;145;18;2025-01-20;2;1152.57;724.43;Partner
2324;197;11;2025-07-20;1;665.2;404.52;Online
2325;304;27;2025-02-17;1;755.09;519.06;Partner
2326;452;6;2025-03-05;4;918.41;688.45;Store
2327;318;13;2025-04-20;1;1344.86;756.68;Store
2328;460;25;2025-08-14;1;687.7;418.17;Online
2329;88;20;2025-02-23;1;95.05;49.59;Store
2330;217;12;2025-10-10;1;267.21;215.3;Online
2331;65;26;2025-04-19;1;160.87;127.42;Online
2332;290;19;2025-11-11;4;590.19;448.51;Online
2333;417;4;2025-08-08;3;1232.53;642.65;Store
2334;51;24;2025-06-17;1;426.99;354.54;Online
2335;4;14;2025-02-26;3;1505.83;739.32;Partner
2336;48;4;2025-11-08;5;1246.27;625.51;Online
2337;321;25;2025-02-22;5;655.43;421.33;Online
2338;463;5;2025-04-26;4;1173.35;696.54;Partner
2339;432;4;2025-05-27;2;1439.47;655.11;Store
2340;53;1;2025-08-22;1;150.34;91.01;Store
2341;478;23;2025-05-12;2;1224.25;816.76;Store
2342;57;10;2025-01-21;1;992.59;597.26;Online
2343;435;25;2025-10-30;2;737.83;439.33;Online
2344;88;12;2025-05-03;1;263.1;217.5;Online
2345;474;29;2025-06-07;2;867.03;583.93;Online
2346;398;2;2025-08-04;3;1421.52;685.01;Store
2347;411;15;2025-12-31;1;1403.47;632.4;Store
2348;485;19;2025-03-09;1;577.95;448.47;Online
2349;391;20;2025-08-07;1;98.04;50.08;Online
2350;445;28;2025-03-23;2;1210.64;621.55;Store
2351;92;4;2025-10-25;1;1439.67;612.52;Store
2352;166;19;2025-08-12;2;615.42;476.43;Online
2353;149;19;2025-11-17;3;565.89;472.81;Online
2354;490;5;2025-04-03;4;1371.0;650.34;Store
2355;245;7;2025-01-17;1;1090.28;786.06;Online
2356;42;4;2025-04-25;3;1302.62;619.57;Online
2357;76;24;2025-12-01;2;471.28;332.46;Online
2358;272;24;2025-06-30;1;424.31;340.18;Online
2359;299;6;2025-08-04;5;866.33;699.81;Online
2360;469;19;2025-01-21;2;630.5;455.36;Store
2361;281;10;2025-10-06;2;987.39;594.66;Store
2362;274;27;2025-05-02;5;763.52;505.65;Online
2363;435;30;2025-09-05;2;1202.43;641.22;Online
2364;56;6;2025-03-18;1;796.65;706.08;Online
2365;487;6;2025-12-27;2;841.89;687.99;Online
2366;448;1;2025-07-28;3;133.13;89.87;Online
2367;66;10;2025-05-02;1;893.55;576.86;Online
2368;27;27;2025-04-07;1;747.5;519.01;Online
2369;9;24;2025-05-16;1;447.76;355.47;Online
2370;374;7;2025-11-02;2;1234.51;757.66;Store
2371;135;5;2025-02-13;3;1216.35;677.68;Online
2372;319;16;2025-01-11;1;678.86;335.72;Store
2373;105;30;2025-11-15;2;1276.6;614.94;Partner
2374;391;19;2025-04-25;2;579.14;467.91;Store
2375;46;25;2025-09-04;2;664.31;442.31;Store
2376;495;17;2025-08-22;2;834.12;629.58;Online
2377;387;27;19/03/2025;4;796.7;504.53;Online
2378;445;19;2025-07-11;2;626.23;443.76;Online
2379;83;26;2025-11-09;5;170.72;125.15;Online
2380;315;14;2025-03-19;2;1350.23;742.28;Store
2381;188;19;2025-01-08;3;573.25;452.6;Online
2382;452;29;2025-11-28;2;841.2;577.75;Store
2383;377;12;2025-04-02;2;271.37;209.35;Store
2384;117;12;2025-04-04;5;265.9;206.79;Store
2385;256;22;2025-10-06;2;936.53;660.85;Store
2386;465;14;2025-08-08;4;1347.26;761.67;Online
2387;296;20;2025-04-03;1;88.83;49.19;Store
2388;63;10;2025-09-20;4;855.96;591.45;Store
2389;203;1;2025-03-24;1;138.11;92.7;Partner
2390;209;3;2025-09-15;3;112.04;90.07;Online
2391;398;30;2025-10-03;2;1313.21;627.3;Store
2392;119;30;2025-01-14;5;1196.57;656.86;Online
2393;396;21;2025-02-16;1;1786.21;833.48;Online
2394;484;7;2025-12-05;1;1123.7;785.16;Store
2395;168;24;2025-12-17;4;440.4;343.56;Online
2396;435;4;2025-11-25;2;1375.85;642.91;Store
2397;189;4;2025-05-22;4;1256.37;656.33;Online
2398;416;15;2025-08-01;2;1273.63;633.33;Online
2399;6;18;2025-02-20;5;1087.17;710.48;Store
2400;51;14;2025-03-10;4;1392.84;749.89;Online
2401;303;4;2025-05-10;2;1400.85;618.91;Partner
2402;102;11;2025-05-25;2;742.28;429.18;Online
2403;54;9;2025-08-02;1;1320.32;728.91;Online
2404;100;21;2025-11-04;1;1731.06;829.48;Online
2405;6;18;2025-07-27;5;1202.61;721.05;Online
2406;284;28;2025-07-22;5;1267.58;611.04;Online
2407;145;23;2025-06-20;2;1270.55;817.03;Online
2408;324;11;2025-01-27;3;712.11;416.41;Online
2409;47;29;2025-11-20;2;818.41;574.7;Online
2410;191;21;2025-05-26;1;1851.97;812.88;Partner
2411;250;19;2025-10-03;1;592.36;452.41;Partner
2412;308;23;2025-06-09;2;1290.16;856.53;Store
2413;7;16;2025-12-15;2;637.47;334.62;Store
2414;297;26;2025-12-09;2;175.49;128.04;Store
2415;220;13;2025-06-25;4;1321.07;793.67;Partner
2416;392;24;2025-06-14;1;466.95;335.43;Online
2417;214;24;2025-10-16;4;412.7;355.58;Online
2418;108;28;2025-03-09;4;1270.5;628.22;Partner
2419;181;19;2025-10-26;1;574.52;467.69;Online
2420;163;28;2025-08-06;1;1265.34;611.27;Store
2421;283;29;2025-10-03;2;854.36;564.23;Store
2422;412;25;2025-02-08;1;622.75;424.9;Online
2423;431;25;2025-02-27;1;732.87;443.2;Partner
2424;479;18;2025-02-26;1;1184.27;721.37;Partner
2425;387;12;2025-06-24;1;278.39;220.89;Online
2426;53;22;2025-05-02;1;992.19;672.35;Online
2427;367;8;2025-08-10;1;836.2;406.83;Online
2428;136;18;2025-12-18;3;1158.52;695.52;Online
2429;422;25;2025-06-01;4;737.08;442.79;Store
2430;84;27;2025-04-27;2;845.63;536.82;Store
2431;287;13;2025-11-30;2;1312.55;773.51;Store
2432;384;22;2025-01-31;1;1018.79;673.24;Online
2433;494;12;2025-04-12;2;266.28;219.07;Store
2434;49;12;2025-05-08;3;244.14;214.75;Store
2435;310;21;2025-09-01;5;1677.87;862.26;Online
2436;56;17;2025-07-06;4;847.52;636.93;Store
2437;174;9;2025-01-01;5;1481.58;709.12;Online
2438;397;10;2025-05-19;4;991.25;604.3;Online
2439;92;2;2025-12-28;2;1356.49;684.91;Online
2440;193;5;2025-12-06;1;1328.62;665.36;Online
2441;145;18;2025-05-14;5;1174.22;718.22;Store
2442;231;22;2025-01-22;3;981.56;683.33;Online
2443;48;12;2025-12-29;1;249.39;213.91;Online
2444;286;15;2025-04-05;1;1290.27;634.06;Store
2445;202;10;2025-10-01;1;851.07;588.69;Online
2446;157;15;2025-04-19;2;1429.07;648.23;Online
2447;312;12;2025-04-16;4;245.12;222.37;Online
2448;484;3;2025-06-25;1;116.12;92.34;Store
2449;85;10;2025-04-10;4;873.38;583.44;Store
2450;425;30;2025-03-28;2;1238.44;625.16;Online
2451;47;2;2025-07-11;4;1270.24;716.25;Online
2452;450;15;2025-02-21;1;1304.32;642.71;Store
2453;247;29;2025-10-30;1;838.1;595.06;Online
2454;170;26;2025-02-11;5;183.57;128.98;Store
2455;325;15;2025-06-17;2;1438.67;627.72;Store
2456;174;16;2025-01-10;1;674.44;336.89;Online
2457;429;26;2025-02-19;1;185.58;129.78;Store
2458;281;9;2025-06-11;2;1474.94;687.69;Online
2459;400;24;2025-08-07;3;478.48;349.91;Partner
2460;74;15;2025-07-06;2;1409.02;650.57;Online
2461;322;12;2025-11-27;2;267.4;215.87;Store
2462;114;26;2025-03-01;1;176.51;128.85;Online
2463;150;15;2025-11-05;2;1401.92;638.36;Online
2464;41;15;2025-10-01;4;1344.36;631.15;Partner
2465;274;5;2025-04-02;1;1257.68;684.31;Store
2466;156;2;2025-02-25;4;1440.56;728.06;Partner
2467;126;24;2025-07-11;1;435.79;355.27;Store
2468;286;17;2025-08-18;5;869.22;630.29;Partner
2469;98;4;2025-10-30;4;1433.12;614.54;Online
2470;118;24;2025-08-10;2;417.76;337.09;Online
2471;147;10;2025-07-24;5;944.53;599.79;Online
2472;182;13;2025-07-15;1;1447.07;809.84;Online
2473;305;30;2025-10-07;1;1201.3;653.25;Online
2474;411;28;2025-08-09;1;1248.55;597.6;Online
2475;235;14;2025-07-17;5;1427.29;761.52;Online
2476;175;2;2025-03-16;1;1464.77;691.27;Online
2477;158;19;2025-09-05;2;576.68;440.54;Online
2478;51;23;2025-01-21;1;1354.27;792.51;Partner
2479;400;29;2025-10-22;1;819.62;572.77;Store
2480;488;17;2025-04-12;2;772.73;598.39;Store
2481;461;19;2025-12-24;4;621.5;463.3;Online
2482;340;28;2025-12-11;4;1266.69;636.1;Online
2483;454;22;2025-11-07;3;925.8;687.08;Online
2484;477;14;2025-03-11;1;1466.75;765.27;Online
2485;486;5;2025-05-28;2;1182.18;663.1;Online
2486;210;27;2025-06-29;2;818.85;533.51;Online
2487;32;27;2025-06-21;1;785.72;501.5;Online
2488;250;29;2025-10-02;3;844.1;566.58;Partner
2489;270;15;2025-10-18;1;1441.77;636.44;Online
2490;338;2;2025-09-12;1;1462.22;705.02;Partner
2491;222;3;2025-04-15;2;112.56;89.73;Online
2492;94;18;2025-12-07;3;1195.36;700.83;Online
2493;367;20;2025-02-15;1;85.43;52.36;Online
2494;225;7;2025-01-23;2;1053.54;736.35;Online
2495;218;4;2025-05-31;2;1401.3;629.33;Online
2496;60;19;2025-09-21;1;578.96;454.41;Online
2497;458;12;2025-08-17;1;273.33;223.26;Store
2498;134;1;2025-02-03;4;144.78;88.96;Partner
2499;304;24;2025-07-11;1;487.4;333.23;Online
2500;315;5;2025-12-07;1;1376.57;675.49;Online
2501;254;24;2025-01-05;5;483.72;355.18;Partner
2502;430;20;2025-11-22;1;97.34;48.99;Online
2503;267;14;2025-10-29;1;1434.79;777.65;Online
2504;475;17;2025-10-23;2;845.28;599.55;Online
2505;179;20;2025-10-08;2;89.08;49.84;Online
2506;330;21;2025-09-04;2;1720.88;865.47;Store
2507;485;7;2025-08-03;3;1064.54;746.04;Store
2508;132;4;2025-09-04;1;1417.35;649.34;Partner
2509;123;27;2025-10-15;1;823.66;513.15;Store
2510;27;11;2025-02-21;1;644.4;425.05;Online
2511;499;18;2025-10-17;4;1171.18;705.16;Online
2512;93;28;2025-09-25;2;1166.96;633.49;Online
2513;401;14;2025-09-16;1;1313.2;747.41;Store
2514;478;11;2025-09-19;3;731.36;428.56;Online
2515;495;24;2025-10-25;1;466.31;339.91;Store
2516;127;7;2025-11-26;3;1063.19;744.57;Store
2517;432;11;2025-08-31;3;716.69;420.13;Store
2518;397;24;2025-01-11;5;417.27;345.35;Store
2519;272;7;2025-08-15;1;1091.56;768.95;Online
2520;430;20;2025-10-10;2;93.06;49.51;ONLINE
2521;467;20;2025-06-27;1;85.77;49.7;Partner
2522;118;10;2025-12-03;1;860.34;567.01;Online
2523;31;24;2025-07-30;2;477.48;331.09;Online
2524;392;24;2025-09-16;3;478.57;337.25;Online
2525;172;21;2025-05-29;1;1834.31;826.78;Online
2526;493;23;2025-01-15;3;1394.62;849.75;Online
2527;217;20;2025-03-29;5;86.47;50.39;Partner
2528;121;4;2025-07-09;5;1321.71;657.15;Store
2529;418;21;2025-08-28;4;1605.13;847.8;Partner
2530;169;29;2025-01-04;5;846.97;582.8;Online
2531;66;19;2025-04-17;2;538.69;443.61;Store
2532;441;10;2025-04-19;1;868.72;602.87;Partner
2533;266;19;2025-08-14;5;625.54;448.3;Online
2534;56;7;2025-04-09;1;1154.9;751.41;Partner
2535;62;19;2025-04-28;1;635.94;475.0;Store
2536;396;24;2025-04-04;5;458.54;353.74;Online
2537;498;17;2025-09-21;2;749.05;598.87;Online
2538;402;9;2025-09-28;1;1357.05;730.72;Store
2539;345;21;2025-09-28;1;1841.57;815.79;Online
2540;256;16;2025-09-12;5;715.53;336.63;Store
2541;43;16;2025-01-11;3;616.6;323.24;Partner
2542;41;30;2025-08-03;1;1182.81;625.63;Online
2543;71;7;2025-05-16;3;1053.02;740.57;Online
2544;429;24;2025-04-29;1;448.25;347.66;Store
2545;234;10;2025-04-30;3;883.7;595.57;Online
2546;338;28;2025-06-09;5;1244.05;632.2;Online
2547;40;20;2025-08-18;1;87.0;50.59;Store
2548;464;22;2025-11-28;4;992.44;702.68;Partner
2549;372;26;2025-10-17;1;173.93;130.67;Partner
2550;395;1;2025-05-05;1;138.97;90.37;Store
2551;184;2;2025-05-02;1;1438.4;700.77;Online
2552;91;19;2025-11-12;2;635.65;467.57;ONLINE
2553;59;6;2025-08-24;4;876.82;705.55;Online
2554;319;7;2025-10-23;1;1206.12;783.63;Online
2555;273;20;2025-12-11;3;91.47;49.77;Partner
2556;431;20;2025-02-08;3;92.98;51.39;Online
2557;110;28;2025-01-28;1;1257.1;631.13;Store
2558;172;18;2025-09-02;1;1110.84;716.31;Online
2559;22;4;2025-11-16;5;1285.33;629.72;Online
2560;274;20;2025-05-12;2;95.19;50.55;Online
2561;323;15;2025-04-05;1;1404.13;620.74;Online
2562;51;14;2025-08-24;1;1415.84;751.11;Partner
2563;156;3;2025-11-14;2;112.57;86.26;Store
2564;293;26;2025-04-22;4;186.24;130.51;Online
2565;188;28;2025-11-02;1;1204.24;624.94;Store
2566;228;28;2025-06-26;1;1234.0;597.71;Store
2567;149;22;2025-03-29;1;1039.78;677.67;Online
2568;341;30;2025-02-10;3;1258.69;614.86;Online
2569;307;1;2025-10-20;1;139.02;92.13;Store
2570;496;6;2025-11-15;2;932.74;676.56;Store
2571;365;2;2025-08-18;2;1445.69;679.93;Online
2572;277;27;2025-11-14;1;836.49;522.74;Online
2573;375;23;2025-11-24;2;1217.04;853.49;Online
2574;178;23;2025-10-06;1;1222.83;839.91;Store
2575;136;9;2025-02-01;3;1376.88;704.51;Store
2576;216;19;2025-02-22;2;614.11;460.17;Partner
2577;415;25;2025-10-02;1;675.54;442.71;Partner
2578;304;6;2025-02-22;1;848.16;714.75;Partner
2579;256;25;2025-01-22;1;726.09;411.42;Online
2580;450;12;2025-11-19;2;258.65;210.45;Online
2581;453;25;2025-10-13;1;678.93;416.8;Online
2582;354;9;2025-12-07;3;1365.02;701.73;Store
2583;500;3;2025-04-02;4;103.56;91.82;Online
2584;421;17;2025-11-05;2;826.57;634.58;Online
2585;47;13;2025-06-22;4;1455.9;781.64;Online
2586;22;23;2025-02-19;4;1395.63;846.61;Online
2587;332;20;2025-10-16;2;84.46;51.79;Store
2588;173;2;2025-01-16;3;1333.7;681.9;Store
2589;167;22;2025-11-05;2;896.65;683.87;Online
2590;408;28;2025-06-25;1;1264.3;588.41;Online
2591;206;14;2025-07-15;4;1515.75;754.72;Online
2592;417;2;2025-06-26;2;1357.38;728.87;online
2593;183;23;2025-10-22;4;1213.87;820.3;Partner
2594;449;13;2025-10-08;2;1452.15;765.18;Partner
2595;296;12;2025-01-11;2;248.17;215.59;Online
2596;195;2;2025-06-06;2;1346.37;712.47;Online
2597;42;6;2025-10-11;1;859.81;679.96;Store 
2598;424;18;2025-01-28;3;1160.13;697.44;Store
2599;305;19;2025-10-07;2;556.28;449.18;Online
2600;311;8;2025-04-24;3;814.5;403.67;Online
2601;354;4;2025-07-29;2;1208.52;639.45;Online
2602;354;17;2025-07-31;5;868.48;622.88;Online
2603;24;21;2025-04-10;5;1734.44;812.67;Store
2604;134;1;2025-04-27;4;132.48;89.05;Store
2605;204;21;2025-01-08;2;1835.77;862.67;Online
2606;474;30;2025-06-16;1;1167.63;656.85;Online
2607;196;27;2025-03-15;1;749.74;499.26;Store
2608;305;25;2025-12-25;2;630.72;422.95;Online
2609;379;20;2025-09-18;3;84.22;50.18;Store
2610;338;8;2025-06-27;2;859.81;411.92;Online
2611;469;7;2025-09-05;4;1087.85;783.81;Online
2612;425;15;2025-11-20;4;1300.4;627.08;Online
2613;3;21;2025-05-30;2;1832.35;836.5;Online
2614;222;9;2025-03-11;1;1455.76;690.2;Partner
2615;264;1;2025-01-30;2;131.81;93.95;Online
2616;2;17;2025-03-05;5;836.91;603.35;Store
2617;47;14;2025-04-02;1;1402.84;772.11;Online
2618;91;23;2025-07-23;3;1296.4;812.62;Store
2619;40;12;2025-11-14;1;247.84;221.55;Online
2620;5;8;2025-06-02;1;776.87;430.78;Online
2621;37;22;2025-12-23;4;956.63;695.82;Partner
2622;102;23;2025-07-01;3;1290.73;846.44;Online
2623;212;23;2025-11-13;1;1321.5;849.81;Store
2624;145;1;2025-06-15;3;153.74;92.94;Store
2625;361;25;2025-09-18;4;661.07;426.36;Store
2626;328;28;2025-01-06;1;1120.16;604.63;Store
2627;20;27;2025-02-26;2;750.05;510.08;Store
2628;116;11;2025-11-11;1;669.85;426.23;Online
2629;436;6;2025-11-26;1;938.35;690.13;Online
2630;396;5;2025-03-05;1;1342.27;686.88;Online
2631;481;27;2025-10-18;2;856.55;498.91;Online
2632;468;26;2025-02-08;5;180.79;130.0;Store
2633;216;22;2025-05-21;1;976.34;688.38;Store
2634;181;27;2025-11-07;2;759.23;506.42;Store
2635;90;1;2025-09-27;4;131.75;91.12;Store
2636;400;13;2025-04-28;4;1266.64;782.45;Store
2637;84;27;2025-06-07;1;782.0;524.67;Partner
2638;218;26;2025-03-18;4;173.5;128.92;Store
2639;369;27;2025-02-12;4;850.06;533.71;Online
2640;165;9;2025-07-07;5;1386.53;694.79;Online
2641;102;20;2025-11-03;4;95.54;48.7;Online
2642;317;1;2025-11-21;5;134.72;92.82;Online
2643;239;19;2025-01-31;2;608.17;463.12;Online
2644;399;12;2025-07-19;2;248.04;219.57;Online
2645;173;25;2025-11-02;1;712.0;416.52;Online
2646;226;10;2025-02-19;3;871.84;602.61;Online
2647;84;29;2025-12-16;3;841.38;591.75;Online
2648;102;19;2025-03-30;2;611.08;441.27;Online
2649;57;20;2025-04-09;2;86.38;50.36;Store
2650;417;7;2025-10-16;1;1236.61;789.57;Online
2651;437;16;2025-01-17;1;706.92;327.74;Online
2652;162;9;2025-02-16;2;1289.64;729.94;Online
2653;296;17;2025-07-01;4;770.23;603.2;Online
2654;197;24;2025-09-11;1;474.0;343.42;Online
2655;116;17;2025-09-04;1;779.52;631.65;Online
2656;313;17;2025-08-15;5;750.28;616.66;Online
2657;93;4;2025-02-22;5;1432.14;627.79;Partner
2658;282;2;2025-04-10;5;1468.75;690.02;Store
2659;397;24;2025-01-22;1;438.96;346.91;Online
2660;399;4;2025-11-22;1;1380.76;630.58;Online
2661;237;6;2025-03-27;1;891.94;672.35;Store
2662;143;13;2025-09-29;3;1334.2;803.17;Online
2663;420;27;2025-12-11;1;740.02;520.69;Online
2664;149;14;2025-02-25;4;1478.34;759.45;Partner
2665;283;14;2025-06-01;1;1485.25;736.83;Online
2666;121;3;2025-04-16;1;105.04;87.49;Store
2667;415;23;2025-11-13;5;1212.9;801.34;Store
2668;139;3;2025-12-19;1;110.74;90.86;Online
2669;499;21;2025-04-17;3;1847.72;826.93;Store
2670;187;23;2025-03-27;1;1334.2;835.59;Store 
2671;213;14;2025-11-22;2;1473.87;723.66;Online
2672;288;6;2025-06-24;3;896.52;693.93;Online
2673;165;10;2025-09-09;1;957.97;571.65;Store
2674;215;20;2025-09-26;5;86.73;50.52;Online
2675;123;28;2025-08-13;3;1212.43;623.34;Online
2676;323;19;2025-11-03;4;543.63;475.2;Partner
2677;30;29;2025-01-23;4;795.84;580.44;Online
2678;119;23;2025-10-22;1;1390.74;807.22;Online
2679;99;3;2025-06-29;3;102.37;86.75;Online
2680;140;10;2025-03-15;5;916.15;577.68;Online
2681;242;1;2025-06-10;1;133.12;88.47;Online
2682;489;10;2025-06-07;4;848.26;597.16;Store
2683;437;27;2025-04-11;1;846.61;533.1;partner 
2684;448;25;2025-10-21;1;733.28;437.89;Online
2685;366;5;2025-06-25;5;1194.63;686.39;Online
2686;482;22;2025-11-28;1;1021.13;680.37;Partner
2687;341;6;2025-07-10;1;822.41;670.71;Partner
2688;193;4;2025-09-13;1;1396.73;624.53;Online
2689;316;21;2025-07-10;2;1840.33;848.5;Online
2690;152;18;2025-10-15;4;1096.64;723.33;Online
2691;394;17;2025-06-20;3;752.33;616.92;Online
2692;464;22;2025-04-11;2;952.24;656.92;Partner
2693;436;10;2025-12-30;1;853.77;592.44;Online
2694;217;26;2025-06-22;3;157.86;128.94;Online
2695;477;1;2025-04-01;2;135.51;94.82;Online
2696;29;7;2025-01-27;5;1147.6;744.31;Online
2697;259;29;2025-02-05;2;814.9;574.93;Online
2698;26;5;2025-09-19;2;1360.08;684.19;Online
2699;397;13;2025-12-31;1;1316.49;792.23;Online
2700;448;26;2025-10-14;2;178.13;132.17;Store
2701;125;27;2025-09-24;4;814.4;509.81;Online
2702;57;27;2025-07-01;1;867.48;511.03;Store
2703;143;10;2025-12-27;5;843.33;581.99;Store
2704;425;9;2025-02-09;1;1472.31;731.73;Online
2705;343;18;2025-01-02;1;1067.08;716.52;Online
2706;328;15;2025-04-07;1;1410.48;643.1;Online
2707;154;28;2025-02-02;4;1137.67;634.41;Online
2708;296;9;2025-03-12;2;1294.44;723.62;Online
2709;383;27;2025-07-27;1;758.13;512.33;Online
2710;27;29;2025-09-05;3;868.85;588.04;Online
2711;132;5;2025-10-30;2;1345.48;662.63;Online
2712;494;20;2025-06-14;1;91.24;48.56;Online
2713;400;12;2025-02-05;5;265.92;207.22;Store
2714;121;24;2025-12-11;3;484.64;351.65;Online
2715;52;12;2025-06-23;1;256.14;222.86;partner 
2716;426;10;2025-12-20;5;950.71;577.92;Partner
2717;463;11;2025-06-18;2;691.51;430.08;Online
2718;164;10;2025-07-22;3;980.86;570.87;Online
2719;376;29;2025-09-10;4;803.37;570.21;Online
2720;250;21;2025-03-11;2;1822.16;809.67;Store
2721;133;2;2025-08-06;5;1275.11;685.18;Online
2722;319;7;2025-07-20;2;1169.46;788.35;Online
2723;198;16;2025-02-21;1;692.65;319.1;Online
2724;165;3;2025-04-16;1;110.01;86.25;Online
2725;273;25;2025-04-24;1;692.68;422.22;Partner
2726;188;22;2025-09-28;1;1050.61;675.09;Online
2727;475;21;2025-01-28;3;1677.41;829.45;Online
2728;439;18;2025-04-22;5;1106.96;737.94;Online
2729;474;24;2025-06-03;5;465.49;332.77;Online
2730;491;3;2025-10-06;2;117.87;88.0;Online
2731;243;9;2025-04-02;2;1392.39;697.8;Store
2732;306;3;2025-07-25;2;106.94;86.26;Store
2733;370;21;2025-04-24;2;1828.86;839.93;Online
2734;85;29;2025-02-13;5;766.93;597.09;Store
2735;247;4;2025-08-04;2;1215.96;641.8;Partner
2736;285;12;2025-06-22;2;243.64;215.83;Store
2737;377;7;2025-05-29;2;1109.14;779.58;Store
2738;397;21;2025-09-03;2;1768.03;849.35;Store
2739;204;18;2025-08-16;4;1073.75;685.05;Partner
2740;307;2;2025-05-14;5;1414.12;729.41;Online
2741;362;25;2025-07-08;3;682.74;422.6;Online
2742;335;8;2025-10-25;5;809.58;423.39;Online
2743;219;10;2025-07-29;5;845.02;592.66;Online
2744;476;3;2025-03-05;1;112.07;86.12;online
2745;15;19;2025-07-31;1;563.91;445.36;Store
2746;2;16;2025-08-25;1;662.77;328.81;Store
2747;389;2;2025-10-15;1;1349.89;716.53;Store
2748;188;9;2025-08-17;1;1420.05;686.35;Online
2749;429;13;2025-12-08;1;1367.46;764.23;Online
2750;276;5;2025-08-26;2;1274.1;646.74;Store
2751;131;23;2025-11-04;5;1238.0;805.14;Online
2752;166;27;2025-03-16;2;776.78;528.03;online
2753;320;17;2025-08-29;2;833.4;630.46;Online
2754;292;20;2025-07-28;2;84.72;52.03;Store
2755;369;28;2025-03-24;3;1133.39;608.69;Online
2756;68;2;2025-06-24;2;1348.96;678.25;Store
2757;70;5;2025-10-12;2;1335.54;677.21;Online
2758;378;19;2025-03-18;4;622.54;451.95;Online
2759;168;19;2025-07-15;1;614.91;465.07;Store
2760;121;30;2025-02-15;2;1327.62;646.52;Online
2761;209;24;2025-04-12;3;488.5;336.42;Online
2762;108;25;2025-10-24;1;695.69;428.43;Online
2763;67;5;2025-08-01;4;1163.2;684.78;Store
2764;185;20;2025-01-25;2;83.03;51.71;Online
2765;297;9;2025-12-24;5;1327.66;699.23;Partner
2766;338;3;2025-11-20;1;107.18;90.91;Partner
2767;306;23;2025-11-27;5;1195.13;831.96;Online
2768;198;28;2025-04-28;5;1145.56;627.95;Store
2769;490;4;2025-05-21;2;1435.55;627.62;Online
2770;297;30;2025-01-14;2;1224.27;650.1;Store
2771;355;10;2025-02-25;1;971.27;588.05;Store
2772;34;26;2025-06-09;1;183.93;130.83;Partner
2773;138;8;2025-10-07;1;866.91;429.11;Partner
2774;139;13;2025-04-03;2;1283.51;793.75;Store
2775;461;24;2025-10-11;1;487.34;333.07;Online
2776;318;17;2025-11-24;2;852.51;624.51;Online
2777;322;6;2025-05-15;2;898.69;694.65;Online
2778;197;2;2025-03-13;4;1386.0;708.16;Online
2779;386;8;2025-07-23;1;778.11;421.94;Online
2780;130;9;2025-04-12;5;1348.0;713.66;Online
2781;488;9;2025-06-05;1;1461.68;711.54;Store
2782;321;29;2025-07-04;1;851.22;559.29;Online
2783;134;26;2025-03-10;1;187.9;129.09;Online
2784;276;1;2025-03-30;2;142.81;89.84;Online
2785;360;1;2025-05-04;5;138.71;91.77;Store
2786;16;22;2025-05-19;5;1058.55;663.0;Online
2787;408;21;2025-07-02;1;1804.05;806.39;Partner
2788;314;22;2025-08-27;2;969.88;706.01;Store
2789;407;25;2025-09-01;4;622.48;412.16;Online
2790;479;20;2025-01-16;2;87.77;52.39;Online
2791;225;24;2025-06-11;2;444.13;330.5;Store
2792;70;24;2025-07-10;1;451.91;346.3;Online
2793;231;19;2025-07-03;2;624.94;466.48;Online
2794;296;24;2025-01-21;1;485.14;346.21;Online
2795;406;23;2025-03-12;1;1393.14;853.43;Store
2796;462;16;2025-10-10;2;649.56;318.4;Partner
2797;27;10;2025-09-02;1;868.38;611.8;Partner
2798;343;11;2025-12-10;1;731.38;413.57;Partner
2799;141;28;2025-11-29;4;1101.01;621.86;Partner
2800;4;12;2025-04-07;5;251.78;223.16;Store
2801;82;3;2025-05-31;2;99.76;88.14;Partner
2802;179;7;2025-06-29;5;1058.06;774.55;Partner
2803;373;20;2025-05-10;5;98.39;51.07;Store
2804;121;1;2025-12-24;2;137.6;94.27;Store
2805;161;19;2025-06-27;5;543.48;475.02;Online
2806;500;11;2025-11-01;3;674.67;422.14;Store
2807;72;25;2025-02-16;1;641.67;412.08;Online
2808;23;5;2025-08-12;1;1348.04;695.52;Store
2809;240;1;2025-11-20;2;134.54;91.01;Online
2810;435;29;2025-09-05;3;791.96;583.23;Partner
2811;118;2;2025-04-29;4;1317.53;686.59;Partner
2812;161;1;2025-06-08;3;132.54;92.77;Store
2813;169;26;2025-01-29;4;178.62;127.06;Online
2814;112;20;2025-07-20;2;83.82;52.32;Online
2815;316;1;2025-02-07;5;144.88;93.61;Online
2816;359;13;2025-12-20;3;1302.81;794.22;Online
2817;125;7;2025-09-11;1;1094.55;749.23;Store
2818;100;18;2025-01-21;1;1136.95;694.59;Online
2819;65;27;2025-04-08;3;826.31;509.16;Online
2820;63;23;2025-05-07;2;1334.57;855.18;Online
2821;143;25;2025-06-03;2;648.03;412.1;Store
2822;252;9;2025-03-19;3;1424.32;710.54;Online
2823;48;19;2025-05-14;2;624.87;443.14;Partner
2824;260;2;2025-12-28;1;1437.57;682.78;Online
2825;431;5;2025-11-27;3;1289.45;648.48;Online
2826;475;7;2025-09-20;5;1059.66;770.51;Online
2827;467;18;2025-08-22;5;1092.05;724.02;Online
2828;350;20;2025-11-30;1;86.2;48.83;Online
2829;441;29;2025-10-26;4;788.66;578.04;Store
2830;351;11;2025-06-05;2;720.75;407.14;Online
2831;335;7;2025-09-17;1;1176.44;777.12;Partner
2832;374;6;2025-12-03;3;937.49;701.82;Partner
2833;286;30;2025-04-14;4;1348.36;645.7;Online
2834;73;28;2025-05-19;4;1105.23;602.5;Online
2835;275;26;2025-09-10;1;167.01;128.46;Online
2836;38;29;2025-07-04;2;780.73;566.24;Store
2837;410;20;2025-11-29;2;87.87;52.1;Store
2838;141;22;2025-05-01;2;1065.44;691.04;Online
2839;467;29;2025-04-24;5;860.67;588.91;Online
2840;351;16;2025-10-19;1;668.86;325.87;Online
2841;17;29;2025-06-13;1;873.76;566.73;Online
2842;281;2;2025-11-01;2;1375.56;695.94;Store
2843;489;15;2025-02-05;1;1292.16;620.15;Online
2844;453;7;2025-01-26;3;1177.59;786.46;Store
2845;468;17;2025-05-02;1;744.47;626.35;Online
2846;324;8;2025-12-06;5;794.55;399.74;Partner
2847;295;10;2025-01-03;2;850.52;584.36;Partner
2848;447;21;2025-08-04;2;1678.7;830.4;Store
2849;178;8;2025-09-17;1;872.07;427.26;Partner
2850;333;26;2025-03-03;2;181.78;132.6;Online
2851;399;13;2025-01-13;1;1481.83;808.34;Store
2852;282;9;2025-09-02;5;1261.59;695.44;Store
2853;400;24;2025-11-13;5;434.73;340.43;Online
2854;226;1;2025-08-11;4;138.86;89.72;Online
2855;464;22;2025-01-27;4;932.94;662.1;Partner
2856;452;17;2025-05-13;1;772.27;643.42;Store
2857;450;7;2025-12-26;1;1077.98;749.29;Online
2858;349;7;2025-07-11;1;1113.77;763.73;Online
2859;37;25;2025-08-23;1;726.09;441.04;Partner
2860;330;6;2025-01-13;1;887.87;674.13;Online
2861;241;3;2025-05-17;2;114.18;87.18;Partner
2862;484;24;2025-10-11;1;443.21;331.65;Partner
2863;455;23;2025-02-07;3;1348.37;810.14;Partner
2864;285;28;2025-01-08;3;1180.24;590.1;Online
2865;182;5;2025-07-10;2;1338.55;695.51;Online
2866;78;9;2025-08-09;1;1494.19;728.93;Online
2867;368;18;2025-04-29;2;1074.85;692.34;Online
2868;233;8;2025-07-27;2;814.45;422.64;Online
2869;150;16;2025-07-15;5;637.22;332.79;Online
2870;353;23;2025-12-06;2;1239.21;791.62;Store
2871;393;20;2025-10-21;3;89.56;51.06;Online
2872;391;8;2025-04-26;2;845.09;425.75;Online
2873;440;14;2025-02-28;5;1503.83;738.08;Partner
2874;473;5;2025-12-27;4;1200.82;667.69;Partner
2875;302;3;2025-05-05;4;108.26;86.14;Partner
2876;48;17;2025-09-06;5;868.49;595.33;Online
2877;378;11;2025-05-29;2;641.7;412.46;Store
2878;457;6;2025-10-05;3;862.84;670.28;Online
2879;264;5;08/09/2025;2;1179.31;688.84;Store
2880;144;3;2025-08-26;5;117.12;85.67;Partner
2881;499;9;2025-05-17;3;1296.87;730.99;Store
2882;321;30;2025-03-18;5;1146.75;647.33;Online
2883;195;4;2025-03-06;1;1426.3;646.58;Online
2884;189;30;2025-06-24;4;1197.69;637.85;Store
2885;364;21;2025-10-23;2;1741.43;808.94;Online
2886;261;11;2025-09-22;1;665.88;421.03;Online
2887;378;13;2025-10-21;1;1473.46;764.65;Online
2888;348;6;2025-06-06;3;859.14;689.12;Store
2889;417;23;2025-03-02;2;1299.09;854.18;Partner
2890;424;22;2025-05-20;4;1051.24;704.73;Online
2891;246;30;2025-08-28;3;1259.6;634.93;Online
2892;360;25;2025-03-23;3;643.9;430.95;Online
2893;25;15;2025-02-06;2;1359.43;622.35;Online
2894;37;8;2025-10-20;2;907.03;424.29;Store
2895;479;10;2025-11-09;1;981.72;588.87;Online
2896;118;17;2025-08-19;3;789.59;595.06;Store
2897;186;2;2025-03-22;2;1466.02;733.89;Online
2898;44;1;2025-12-04;2;137.3;94.77;Store
2899;267;13;2025-06-04;4;1324.47;783.09;Partner
2900;273;7;2025-12-10;1;1215.61;762.26;Online
2901;313;2;2025-12-30;2;1386.83;700.75;Online
2902;191;12;2025-04-10;3;273.56;217.68;Store
2903;67;25;2025-07-15;1;655.92;412.02;Online
2904;151;30;2025-04-06;1;1317.9;618.35;Online
2905;287;11;2025-01-05;1;678.46;421.11;Online
2906;471;26;2025-01-15;5;172.42;133.16;Online
2907;121;9;2025-04-12;2;1395.72;715.65;Online
2908;311;27;2025-12-12;1;849.82;520.51;Online
2909;23;9;2025-08-03;1;1348.65;727.94;Online
2910;100;5;2025-02-14;4;1308.37;695.55;Online
2911;318;20;2025-06-29;2;93.44;50.24;Online
2912;209;30;2025-09-25;3;1263.07;638.39;Store
2913;262;4;2025-10-22;1;1236.9;618.43;Online
2914;148;23;2025-11-12;1;1382.73;850.56;Online
2915;72;22;2025-01-10;2;1054.68;678.89;Online
2916;389;9;2025-09-29;5;1309.32;731.57;Online
2917;185;20;2025-12-19;2;84.25;49.0;Online
2918;151;23;2025-06-24;3;1238.46;822.61;Online
2919;425;22;2025-04-02;4;1050.28;700.5;Online
2920;176;8;2025-06-24;5;790.36;400.62;Online
2921;381;23;2025-03-14;3;1418.41;814.99;Online
2922;403;12;2025-12-08;4;243.04;222.76;Online
2923;439;24;2025-05-22;4;448.89;349.97;Online
2924;357;25;2025-02-02;4;687.66;417.69;Partner
2925;187;29;2025-05-11;2;896.15;576.84;Online
2926;221;14;2025-10-06;1;1418.29;763.38;Online
2927;187;8;2025-03-16;3;886.52;431.09;Online
2928;182;26;2025-09-17;1;161.73;130.6;Online
2929;464;24;2025-12-18;1;427.8;344.73;Online
2930;440;9;2025-08-07;1;1332.06;728.06;Online
2931;140;19;2025-07-15;2;589.85;457.97;Store
2932;284;26;2025-06-18;1;182.55;123.81;Online
2933;129;16;2025-12-08;1;610.25;318.17;Online
2934;403;18;2025-09-09;1;1184.56;732.47;Online
2935;25;5;2025-11-04;2;1357.25;666.32;Online
2936;415;30;2025-07-02;2;1204.93;659.26;Partner
2937;81;15;2025-06-28;1;1323.63;626.1;Online
2938;282;7;2025-04-25;2;1190.4;793.0;Store
2939;246;3;2025-09-15;1;108.96;87.17;Online
2940;93;23;2025-01-05;1;1206.47;824.74;Partner
2941;280;21;2025-02-02;1;1742.01;866.02;Online
2942;314;20;2025-08-06;3;93.81;49.1;Partner
2943;221;10;2025-04-18;1;850.89;586.85;Online
2944;165;24;2025-04-02;4;411.94;351.83;Partner
2945;395;1;2025-04-25;3;155.5;94.07;Online
2946;402;27;2025-09-26;3;775.46;506.82;Online
2947;196;12;2025-08-07;1;241.4;221.01;Store
2948;324;10;2025-09-29;1;858.16;570.76;Store
2949;21;4;2025-03-10;5;1272.94;613.37;Store
2950;300;12;2025-01-08;1;238.72;217.86;Online
2951;138;25;2025-05-08;3;725.23;431.38;Store
2952;23;21;2025-03-18;2;1795.39;850.19;Online
2953;291;21;2025-08-31;1;1750.44;813.47;Online
2954;359;1;2025-01-18;1;130.85;89.23;Online
2955;42;13;2025-02-21;5;1436.69;759.87;Online
2956;386;13;2025-12-05;1;1361.53;792.26;Store
2957;192;11;2025-08-11;3;668.31;427.18;Partner
2958;396;9;2025-09-11;4;1451.63;712.54;Online
2959;342;24;2025-01-15;2;427.4;346.84;Online
2960;57;3;2025-09-30;5;103.49;88.96;Store
2961;105;4;2025-06-19;3;1359.07;636.99;Online
2962;120;29;2025-01-25;5;769.32;570.71;Online
2963;130;28;2025-02-13;4;1163.01;630.78;Online
2964;93;9;2025-02-19;2;1340.75;719.97;Online
2965;432;24;2025-11-09;5;;343.67;Store
2966;354;5;2025-09-05;4;1290.35;653.02;Store
2967;413;13;2025-08-03;1;1289.47;799.42;Partner
2968;399;12;2025-06-14;1;237.92;217.76;Online
2969;448;13;2025-05-08;1;1354.32;790.63;Online
2970;190;5;2025-12-30;2;1262.94;674.08;Online
2971;259;5;2025-11-13;2;1221.45;678.51;Online
2972;157;7;2025-02-17;3;1117.01;743.84;Store
2973;275;13;2025-08-25;5;1288.99;805.04;Store
2974;498;4;2025-08-12;2;1360.33;637.08;Online
2975;308;29;2025-12-12;3;893.53;592.53;Store
2976;381;22;2025-08-22;3;1049.12;685.84;Online
2977;460;18;2025-12-11;1;1212.39;718.28;Online
2978;274;6;2025-07-26;2;844.81;703.51;Store
2979;121;15;2025-07-25;1;1333.72;638.4;Store
2980;373;27;2025-05-31;4;779.31;499.17;Partner
2981;53;30;2025-02-02;1;1279.88;635.54;Online
2982;346;30;2025-08-06;5;1344.72;621.3;Online
2983;34;27;2025-03-29;3;795.61;518.82;Online
2984;180;19;2025-02-03;4;534.6;446.19;Online
2985;242;17;2025-06-30;1;747.65;631.08;Online
2986;204;20;2025-08-05;2;89.45;50.86;ONLINE
2987;450;18;2025-07-27;2;1110.81;706.1;Online
2988;478;14;2025-09-27;2;1334.38;766.88;Online
2989;448;28;2025-04-19;2;1092.43;619.77;Online
2990;293;28;2025-01-23;5;1259.06;615.35;Partner
2991;371;20;2025-01-11;5;85.13;52.12;Store
2992;306;10;2025-10-01;5;948.55;607.88;Online
2993;170;17;2025-07-30;3;745.61;632.01;Store
2994;221;9;2025-04-23;3;1286.23;731.36;Store
2995;255;15;2025-12-13;2;1304.79;632.5;Store
2996;218;10;2025-02-09;2;885.94;596.14;Store
2997;144;5;2025-09-02;1;1183.07;653.57;Online
2998;22;24;2025-08-14;2;415.11;346.8;Store
2999;401;12;2025-01-01;1;267.82;207.02;Store
3000;114;25;2025-08-22;5;630.58;413.96;Store
3001;485;15;2025-04-17;2;1344.84;617.95;Store
3002;334;29;2025-09-14;3;820.6;597.76;Store
3003;271;2;2025-12-08;3;1279.13;695.21;Store
3004;9;7;2025-11-23;1;1161.94;751.6;Online
3005;446;8;2025-08-04;3;901.69;401.52;Store
3006;405;5;2025-12-01;1;1239.81;656.03;Online
3007;74;24;2025-05-21;4;490.0;355.22;Online
3008;68;5;2025-07-06;1;1278.83;690.83;Online
3009;166;6;2025-03-23;2;929.15;691.21;Store
3010;122;14;2025-07-20;1;1391.48;769.48;Store
3011;467;13;2025-01-21;1;1275.97;750.86;Online
3012;57;5;2025-07-16;3;1342.99;684.26;Store
3013;490;30;2025-08-03;5;1188.88;621.36;Online
3014;393;27;2025-10-26;1;782.22;519.38;Store
3015;288;18;2025-11-30;4;1137.65;729.77;Online
3016;218;26;2025-01-27;2;164.53;133.12;Partner
3017;236;26;2025-08-15;5;169.38;125.5;Online
3018;155;27;2025-05-19;4;873.08;532.42;Store
3019;406;5;2025-01-21;1;1265.87;685.9;Online
3020;235;28;2025-10-01;3;1147.5;630.76;Store
3021;42;22;2025-05-14;2;963.77;653.49;Online
3022;479;23;2025-06-02;5;1396.58;797.2;Partner
3023;322;5;2025-12-29;1;1327.53;693.24;Partner
3024;419;25;2025-03-25;1;638.3;412.31;Store
3025;270;15;2025-03-23;1;1319.47;643.75;Store
3026;189;13;2025-10-21;1;1402.36;793.15;Online
3027;458;1;2025-03-07;5;149.36;89.73;Online
3028;45;18;2025-02-02;1;1062.44;735.72;Online
3029;185;6;2025-12-13;4;864.41;701.48;Online
3030;158;2;2025-11-15;1;1502.24;712.9;Store
3031;254;1;2025-10-09;4;142.56;93.11;Online
3032;147;19;2025-09-27;1;539.02;469.39;Online
3033;359;1;2025-01-05;5;137.03;92.51;Store
3034;494;23;2025-06-20;1;1320.35;826.89;Online
3035;227;23;2025-03-01;5;1225.13;801.0;Store
3036;215;14;2025-12-31;4;1317.21;726.0;Store
3037;204;30;2025-12-09;1;1318.9;633.52;Online
3038;30;16;2025-12-14;1;680.21;323.73;Online
3039;119;7;2025-07-23;4;1223.6;758.72;Online
3040;379;30;2025-10-15;1;1306.73;642.74;Partner
3041;225;9;2025-05-14;1;1333.46;685.76;Online
3042;325;30;2025-10-15;1;1134.53;628.12;Online
3043;342;17;2025-12-09;1;857.19;635.09;Online
3044;1;24;2025-05-10;1;444.47;355.27;Partner
3045;267;12;2025-12-02;2;246.29;215.39;Store
3046;98;3;2025-06-10;5;112.54;86.04;Store
3047;55;23;2025-10-18;1;1311.25;847.67;Partner
3048;120;9;2025-03-29;3;1462.98;740.63;Online
3049;374;16;2025-09-26;4;600.23;327.62;Store
3050;456;16;2025-03-17;3;607.45;336.7;Online
3051;262;25;2025-08-02;2;625.0;442.93;Store
3052;339;11;2025-07-10;1;704.92;432.18;Online
3053;84;29;2025-10-13;1;855.45;571.31;Online
3054;87;29;2025-03-17;1;890.45;558.59;Online
3055;6;28;2025-04-08;3;1121.82;616.52;Online
3056;446;27;2025-12-04;1;809.11;500.21;Store
3057;423;29;2025-02-22;4;807.1;564.69;Online
3058;405;27;2025-08-31;1;823.15;512.68;Partner
3059;2;16;2025-04-26;2;706.23;341.51;Store
3060;340;24;2025-01-04;3;444.81;331.36;Store
3061;448;22;2025-08-06;1;935.48;692.23;Online
3062;275;21;2025-07-02;3;1692.74;823.23;Online
3063;359;11;2025-07-11;2;723.86;428.04;Online
3064;380;22;2025-05-31;1;1040.78;656.89;Online
3065;87;17;2025-10-24;1;883.03;599.85;Online
3066;177;20;2025-03-15;2;86.8;49.72;Online
3067;135;27;2025-08-04;2;768.71;513.76;Partner
3068;24;27;2025-04-08;1;826.74;503.89;Online
3069;327;26;2025-04-04;5;160.26;132.07;Store
3070;200;24;2025-09-17;4;451.14;355.56;ONLINE
3071;205;16;2025-09-05;1;695.17;318.38;Online
3072;381;24;2025-05-06;1;429.97;336.94;Store
3073;394;9;2025-05-27;2;1386.74;737.95;Store
3074;196;6;2025-05-08;5;921.69;707.35;Online
3075;301;3;2025-09-13;3;108.71;87.54;Online
3076;105;7;2025-03-19;2;1060.54;773.98;Store
3077;379;10;2025-09-14;1;860.03;582.2;Store
3078;358;20;2025-03-06;4;98.44;49.31;Store
3079;405;14;2025-01-22;2;1362.92;744.06;Store
3080;310;19;2025-07-03;1;546.55;461.38;Store
3081;403;17;2025-02-08;1;784.19;632.79;Store
3082;105;1;2025-02-19;2;141.36;93.02;Online
3083;233;19;2025-08-02;5;572.68;452.63;Online
3084;83;2;2025-06-02;5;1502.84;678.35;Partner
3085;293;6;2025-12-15;2;896.18;686.12;Online
3086;494;19;2025-09-10;1;636.94;447.78;Online
3087;104;29;2025-01-07;2;811.01;566.46;Online
3088;65;8;2025-10-29;2;845.95;413.72;Store
3089;430;28;2025-12-18;1;1282.81;629.75;Partner
3090;6;22;2025-10-20;1;929.45;701.73;Online
3091;192;27;2025-04-27;3;764.12;513.4;Partner
3092;483;1;2025-03-26;3;154.99;89.03;Online
3093;405;17;2025-03-09;4;816.4;597.53;Online
3094;142;12;2025-06-07;1;243.28;220.93;Online
3095;165;25;2025-03-07;5;695.32;431.47;Online
3096;177;18;2025-04-06;2;1069.84;714.72;Online
3097;435;9;2025-02-13;3;1364.78;693.05;Online
3098;242;9;2025-08-23;2;1384.05;692.22;Store
3099;327;30;2025-11-27;2;1245.38;645.54;Store
3100;253;29;2025-03-14;1;782.85;559.16;Store
3101;56;2;2025-07-22;5;1269.56;711.72;Online
3102;157;15;2025-03-20;2;1385.91;640.17;Online
3103;309;22;2025-10-29;5;1033.04;692.47;Online
3104;481;28;2025-03-26;2;1276.69;626.75;Online
3105;16;2;2025-02-23;3;1432.08;711.7;Partner
3106;160;17;2025-06-26;1;824.8;596.0;Online
3107;287;28;2025-09-04;1;1258.93;626.7;Online
3108;107;26;2025-05-05;4;172.7;125.68;Online
3109;32;19;2025-03-11;1;567.89;474.19;Store
3110;485;23;2025-01-25;5;1192.59;807.48;Store
3111;14;14;2025-01-21;1;1475.79;726.43;Online
3112;71;17;2025-04-01;3;788.98;595.77;Partner
3113;38;28;2025-02-04;2;1086.52;615.98;Online
3114;247;6;2025-09-24;1;819.82;684.57;Online
3115;475;26;2025-06-20;2;170.77;124.67;Store
3116;490;2;2025-09-25;1;1416.36;717.3;Store
3117;324;13;2025-05-04;1;1311.83;785.96;Online
3118;355;10;2025-02-08;1;990.84;568.34;Online
3119;161;28;2025-10-28;3;1203.07;619.86;Online
3120;499;25;2025-05-14;1;734.37;418.14;Store
3121;451;17;2025-07-21;1;795.77;632.92;Online
3122;481;29;2025-06-30;1;844.19;582.14;Online
3123;342;20;2025-10-18;3;92.45;50.74;Store
3124;280;13;2025-12-29;1;1280.9;788.35;Partner
3125;148;1;2025-04-04;2;136.69;92.36;Store
3126;205;23;2025-12-18;3;1370.51;796.26;Online
3127;235;8;2025-04-10;5;884.93;402.21;Online
3128;421;14;2025-09-11;5;1309.43;757.52;Online
3129;414;20;2025-04-05;3;86.42;51.64;Online
3130;454;25;2025-06-08;1;690.46;422.06;Store
3131;353;9;2025-08-22;2;1256.49;705.97;Store
3132;437;14;2025-04-30;2;1436.24;749.53;Store
3133;334;13;2025-11-03;5;1453.07;776.85;Online
3134;367;21;2025-01-02;4;1641.48;822.09;Online
3135;76;23;2025-04-15;3;1234.76;826.57;Store
3136;429;29;2025-02-02;1;797.3;569.78;Store
3137;103;5;2025-07-13;1;1334.59;673.89;Online
3138;196;12;2025-06-14;1;249.73;213.43;Online
3139;339;2;2025-09-30;5;1481.38;678.17;Store
3140;351;3;2025-09-07;4;115.61;89.7;Store
3141;228;12;2025-10-12;1;255.89;208.89;Store
3142;468;15;2025-02-14;1;1348.35;655.32;Store
3143;10;16;2025-10-27;4;601.11;332.3;Online
3144;49;6;2025-01-03;5;854.19;684.82;Online
3145;331;30;2025-11-05;4;1145.46;642.66;Online
3146;283;22;2025-03-18;2;914.77;682.8;Partner
3147;95;11;2025-11-09;1;748.48;404.31;Online
3148;494;17;2025-08-28;1;769.12;600.16;Online
3149;259;16;2025-01-21;4;614.55;334.49;Online
3150;203;2;2025-01-12;2;1326.1;711.88;Online
3151;142;20;2025-01-20;5;86.48;52.26;Online
3152;72;3;2025-09-27;1;114.37;90.13;Partner
3153;42;22;2025-08-22;2;1050.09;704.4;Store
3154;411;17;2025-11-12;4;769.36;638.76;Partner
3155;91;20;2025-08-22;1;84.88;52.34;Store
3156;339;23;2025-04-13;5;1307.1;849.47;Online
3157;332;6;2025-06-12;2;843.28;690.16;Store
3158;30;2;2025-10-04;3;1286.1;725.42;Online
3159;227;23;2025-10-30;2;1280.0;808.98;Online
3160;373;11;2025-07-06;1;649.53;423.98;Online
3161;391;7;2025-03-07;1;1130.8;765.4;Store
3162;220;18;2025-06-09;2;1102.47;696.86;Store
3163;264;10;2025-06-26;4;932.25;595.08;Online
3164;92;28;2025-05-09;2;1171.47;631.11;Store
3165;38;14;2025-06-17;1;1342.97;771.45;Online
3166;104;1;2025-05-07;1;154.98;92.35;Online
3167;301;28;2025-01-29;1;1248.41;622.81;Online
3168;12;24;2025-11-23;5;426.8;330.28;Store
3169;479;13;2025-07-05;2;1295.97;802.9;Store
3170;98;29;2025-11-19;2;895.09;577.21;Store
3171;186;21;2025-10-31;2;1756.85;820.92;Online
3172;343;22;2025-03-08;1;1016.86;669.17;Online
3173;274;21;2025-04-27;1;1878.96;871.93;Online
3174;229;13;2025-05-23;1;1429.37;760.86;Partner
3175;234;30;2025-02-28;1;1279.31;637.61;Online
3176;154;6;2025-02-02;3;817.88;715.05;Online
3177;29;20;2025-07-08;5;94.35;50.66;Online
3178;148;14;2025-12-14;1;1516.65;738.71;Online
3179;171;24;2025-07-02;1;481.26;336.41;Online
3180;223;19;2025-01-19;2;630.62;455.75;Online
3181;238;10;2025-03-08;2;931.76;578.31;Online
3182;437;28;2025-09-16;2;1218.43;598.92;Store
3183;45;9;2025-03-28;2;1327.27;688.63;Online
3184;253;7;2025-04-15;5;1091.39;793.3;Online
3185;350;7;2025-06-06;2;1074.8;784.78;Online
3186;411;27;2025-06-07;1;776.47;503.35;Store
3187;323;16;2025-03-22;5;642.29;317.28;Store
3188;184;18;2025-07-31;4;1108.84;723.43;Online
3189;244;30;2025-02-10;1;1311.36;624.77;Store
3190;367;26;2025-07-04;5;172.24;127.55;Store
3191;480;18;2025-01-03;2;1071.23;707.0;Online
3192;304;20;2025-11-23;1;89.05;51.89;Online
3193;194;27;2025-03-20;1;796.37;518.15;Online
3194;303;21;2025-01-23;1;1743.58;815.3;Store
3195;490;25;2025-07-26;1;674.58;426.98;Store
3196;97;3;2025-01-19;2;113.81;89.11;Store
3197;346;11;2025-02-25;5;642.37;402.64;Online
3198;393;15;2025-01-08;3;1264.32;626.44;Store
3199;69;9;2025-03-01;3;1409.77;689.53;Store
3200;131;27;2025-09-16;4;735.25;519.76;Partner
3201;481;18;2025-08-19;1;1063.01;720.43;Store
3202;75;28;2025-09-20;5;1153.14;617.1;Online
3203;326;3;2025-02-06;1;116.51;86.43;Online
3204;297;13;2025-07-14;1;1371.65;750.95;Online
3205;125;15;2025-06-27;4;1374.7;658.08;Online
3206;358;5;2025-06-11;2;1375.51;656.45;Online
3207;249;29;2025-12-22;5;774.73;589.02;Online
3208;410;15;2025-12-10;2;1437.24;624.35;Store
3209;420;1;2025-02-09;3;146.78;93.76;Partner
3210;184;23;2025-02-22;3;1249.66;856.33;Online
3211;1;13;2025-10-27;2;1337.16;787.54;Online
3212;31;8;2025-01-25;5;906.46;414.99;Partner
3213;459;13;2025-03-24;2;1462.66;789.97;Store
3214;97;13;2025-05-05;2;1262.57;810.64;Online
3215;399;15;2025-05-14;1;1362.07;634.81;Store
3216;466;16;2025-03-25;1;601.11;321.76;Store
3217;160;25;2025-02-20;1;684.04;418.43;Partner
3218;273;29;2025-10-04;4;765.96;573.84;Partner
3219;50;7;2025-04-19;3;1226.23;781.12;Store
3220;86;16;2025-04-17;5;645.6;339.73;Online
3221;498;23;2025-11-05;5;1317.97;811.75;Online
3222;108;25;2025-03-02;2;651.36;440.0;Partner
3223;315;27;2025-05-26;2;872.46;533.51;Online
3224;328;30;2025-06-15;2;1331.06;652.51;Store
3225;361;10;2025-04-22;1;882.19;597.5;Store
3226;434;1;2025-11-03;1;147.29;90.33;Online
3227;116;3;2025-03-02;3;110.17;91.4;Online
3228;253;5;2025-05-11;4;1381.14;664.22;Store
3229;316;23;2025-07-03;5;1288.92;798.13;Online
3230;114;23;2025-03-29;4;1296.43;795.41;Online
3231;447;18;2025-06-26;5;1103.59;718.5;Online
3232;141;27;2025-08-07;4;762.26;525.42;Store
3233;5;28;2025-07-31;2;1118.98;614.88;Store
3234;374;9;2025-09-09;5;1310.08;736.29;Online
3235;417;1;2025-04-24;2;146.17;94.6;Online
3236;470;3;2025-09-17;5;109.61;87.27;Partner
3237;232;4;2025-06-26;1;1332.64;643.61;Online
3238;296;28;2025-11-09;1;1289.23;588.76;Online
3239;15;6;2025-04-03;1;859.46;713.95;Store
3240;99;23;2025-12-30;1;1390.48;817.4;Store
3241;312;22;2025-04-04;1;984.85;702.68;Online
3242;448;22;2025-09-01;5;958.07;673.68;Online
3243;76;25;2025-06-28;2;678.09;417.83;Partner
3244;376;27;2025-09-28;2;870.19;525.8;Partner
3245;389;5;2025-04-16;1;1358.06;667.39;Online
3246;443;23;2025-04-04;3;1270.44;817.49;Online
3247;259;4;2025-09-29;1;1333.23;651.54;Online
3248;26;12;2025-12-07;3;240.47;213.1;Online
3249;500;20;2025-04-24;1;89.72;50.88;Store
3250;263;22;2025-05-12;5;1013.31;671.61;Online
3251;122;2;2025-07-18;1;1297.97;698.68;Store
3252;358;21;2025-10-21;1;1740.25;820.48;Online
3253;346;16;2025-07-18;1;629.93;341.77;Online
3254;236;17;2025-03-27;1;769.76;612.1;Partner
3255;329;6;2025-05-13;1;943.94;692.83;Online
3256;209;20;2025-12-05;2;97.85;48.83;Store
3257;129;9;2025-04-16;4;1459.94;732.78;Store
3258;496;22;2025-12-15;1;904.65;671.16;Online
3259;382;10;2025-01-28;3;954.3;610.84;Online
3260;371;24;2025-02-15;3;489.36;350.84;Online
3261;393;1;2025-07-31;5;148.38;94.19;Store
3262;95;23;2025-05-08;4;1405.15;851.19;Online
3263;219;1;2025-01-09;1;141.59;94.35;Store
3264;113;13;2025-12-18;1;1364.17;802.33;Store
3265;230;5;2025-07-07;1;1284.18;673.69;Store
3266;476;28;2025-12-09;1;1129.12;606.83;Online
3267;58;13;2025-02-26;1;1258.41;802.69;Online
3268;233;25;2025-07-30;1;656.89;413.72;Online
3269;458;11;2025-01-08;4;745.39;401.67;Online
3270;23;5;2025-07-25;4;1205.65;657.33;Partner
3271;68;27;2025-04-09;3;757.25;513.25;Online
3272;490;21;2025-11-03;4;1628.09;865.77;Online
3273;93;24;2025-12-06;1;439.5;330.2;Store
3274;390;3;2025-02-28;1;113.74;90.63;Store
3275;287;21;2025-06-14;3;1780.88;829.32;Online
3276;244;14;2025-11-13;1;1398.41;751.32;Online
3277;472;24;2025-01-16;3;455.29;354.98;Online
3278;346;8;2025-09-18;1;849.53;405.42;Store
3279;41;10;2025-07-22;2;923.09;579.86;Store
3280;286;21;2025-08-24;4;1770.06;836.66;Online
3281;303;22;2025-10-10;2;971.33;661.62;Store
3282;109;3;2025-04-10;5;101.56;88.06;Online
3283;209;9;2025-04-02;1;1428.59;694.8;Online
3284;434;4;2025-05-30;1;1427.43;631.26;Store
3285;73;14;2025-05-31;2;1486.37;725.22;Store
3286;183;15;2025-02-07;1;1422.85;632.22;Partner
3287;409;29;2025-04-24;1;802.57;590.97;Online
3288;472;22;2025-08-23;1;931.25;679.76;Store
3289;389;23;2025-02-08;2;1253.88;818.64;Online
3290;487;9;2025-03-08;1;1399.63;696.54;Online
3291;221;21;2025-06-12;1;1881.75;829.36;Online
3292;24;27;2025-09-04;2;849.89;515.46;Online
3293;288;20;2025-10-21;2;91.45;49.61;Online
3294;36;3;2025-12-19;4;105.47;92.22;Online
3295;318;15;2025-03-10;1;1373.05;655.98;Online
3296;31;12;2025-01-12;3;242.01;216.82;Store
3297;340;9;2025-10-19;3;1432.68;691.45;Online
3298;23;13;2025-06-18;4;1378.79;778.62;Online
3299;204;1;2025-05-30;1;136.4;89.12;Online
3300;185;19;2025-06-03;2;538.93;461.95;Online
3301;104;12;2025-08-26;5;256.91;207.19;Online
3302;76;21;2025-04-05;1;1879.81;834.34;Online
3303;169;17;2025-06-28;3;809.14;640.13;Partner
3304;321;5;2025-02-13;1;1229.71;677.4;Store
3305;252;9;2025-08-13;5;1328.98;730.24;Store
3306;38;3;2025-05-29;1;102.92;91.83;Online
3307;480;26;2025-04-02;2;171.67;132.37;Online
3308;435;23;2025-05-07;2;1214.7;794.99;Online
3309;271;22;2025-12-28;1;974.25;658.3;Store
3310;354;25;2025-05-11;2;737.77;410.86;Online
3311;98;16;2025-04-08;1;679.42;336.91;Online
3312;84;28;2025-04-12;1;1226.13;606.46;Store
3313;111;3;2025-09-18;5;116.71;89.02;Online
3314;447;20;2025-01-10;2;91.25;50.86;Store
3315;486;19;2025-04-15;1;628.64;448.22;Online
3316;26;30;2025-02-05;1;1152.04;642.47;Store
3317;11;2;2025-03-13;2;1281.28;702.0;Online
3318;101;5;2025-07-10;5;1301.98;689.9;Partner
3319;408;28;2025-12-19;3;1146.38;628.01;Online
3320;39;9;2025-07-30;2;1327.5;711.15;Store
3321;57;15;2025-11-08;1;1231.19;658.38;Online
3322;375;14;2025-05-26;4;1492.75;754.13;Store
3323;218;8;2025-09-29;5;853.01;422.33;Online
3324;257;20;2025-04-16;1;89.76;51.23;Store
3325;5;11;2025-01-04;4;659.69;418.19;Online
3326;405;9;2025-07-11;5;1257.3;736.53;Online
3327;40;21;2025-01-15;1;1780.88;866.53;Online
3328;154;11;2025-02-24;4;720.06;403.52;Store
3329;15;20;2025-12-24;4;87.63;50.11;Partner
3330;203;18;2025-06-28;2;1219.82;694.82;Online
3331;411;23;2025-05-20;3;1413.72;834.23;Online
3332;345;12;2025-09-06;1;275.02;208.8;Online
3333;3;13;2025-04-30;1;1312.9;790.01;Online
3334;12;29;2025-02-13;5;765.33;593.54;Online
3335;377;3;2025-03-03;1;114.26;90.05;Online
3336;461;22;2025-03-29;3;1024.21;681.92;Store
3337;8;20;2025-10-18;1;95.51;49.8;Store
3338;79;21;2025-03-03;1;1634.07;852.27;Store
3339;359;26;2025-08-08;3;164.67;126.4;Store
3340;263;13;2025-09-22;3;1316.85;751.17;Store
3341;405;19;2025-12-28;3;561.99;469.84;Online
3342;478;23;2025-04-18;2;1287.01;835.89;Online
3343;324;16;2025-04-20;3;609.82;339.96;Online
3344;124;7;2025-05-23;4;1084.39;794.59;Online
3345;202;9;2025-02-25;1;1264.63;690.19;Online
3346;199;10;2025-05-02;1;907.0;576.37;Online
3347;130;3;2025-01-08;1;104.86;86.4;Online
3348;202;28;2025-06-19;1;1117.41;620.05;Online
3349;253;2;2025-11-28;4;1439.29;732.68;Partner
3350;433;18;2025-04-16;3;1105.55;731.88;Online
3351;390;10;2025-05-05;1;932.3;590.02;Store
3352;94;6;2025-07-10;4;794.72;698.67;Online
3353;60;10;2025-06-21;2;873.6;574.06;Store
3354;442;7;2025-06-06;3;1180.67;736.31;Partner
3355;341;24;2025-09-09;4;475.11;345.65;Partner
3356;180;6;2025-09-20;1;900.17;682.54;Store
3357;182;12;2025-03-10;1;273.65;209.03;Online
3358;5;21;2025-08-23;4;1839.33;821.44;Partner
3359;300;19;2025-09-13;4;541.38;453.34;Online
3360;70;18;2025-09-17;1;1131.11;719.34;Online
3361;5;16;2025-11-14;1;700.74;331.85;Online
3362;440;29;2025-03-14;3;793.73;583.19;Partner
3363;380;1;2025-01-30;3;134.29;94.21;Store
3364;500;29;2025-11-01;3;755.53;577.18;Partner
3365;340;7;2025-11-28;1;1182.38;764.72;Online
3366;490;9;2025-08-22;1;1416.36;711.46;Online
3367;296;25;2025-09-17;1;700.4;422.75;ONLINE
3368;168;17;2025-03-12;3;879.42;607.8;Online
3369;334;13;2025-02-14;2;1297.3;805.92;Store
3370;225;15;2025-07-01;2;1220.28;642.21;Store
3371;207;27;2025-06-21;2;756.31;505.0;Online
3372;113;29;2025-05-12;4;873.0;592.26;Online
3373;155;22;2025-08-27;3;934.57;679.23;Store
3374;25;27;2025-02-02;1;860.5;535.47;Partner
3375;236;1;2025-06-09;1;147.75;90.61;Online
3376;351;23;2025-07-23;1;1293.9;853.38;Online
3377;222;28;2025-03-11;2;1154.69;593.03;Online
3378;419;11;2025-02-28;4;745.39;400.36;Online
3379;5;20;2025-04-26;2;87.32;49.54;Online
3380;60;16;2025-07-20;1;685.48;324.05;Online
3381;9;16;30/05/2025;1;702.27;334.01;Store
3382;237;15;2025-11-17;2;1266.21;642.61;Store
3383;111;13;2025-12-14;1;1308.13;751.66;Online
3384;230;18;2025-08-20;5;1059.71;685.03;Online
3385;362;5;2025-05-29;3;1161.03;697.23;Store
3386;37;15;2025-07-30;5;1357.65;665.38;Online
3387;362;30;2025-11-09;1;1207.35;661.37;Online
3388;14;7;2025-07-17;1;1067.89;755.8;Online
3389;7;17;2025-11-30;4;745.56;635.86;Online
3390;237;23;2025-09-09;4;1399.11;797.62;Online
3391;278;28;2025-11-14;3;1102.4;617.58;Store
3392;52;9;2025-05-04;3;1458.17;714.41;Online
3393;344;17;2025-10-27;2;801.51;627.94;Online
3394;410;27;2025-08-24;4;848.1;519.2;Online
3395;290;22;2025-01-11;1;985.23;655.66;Online
3396;6;21;2025-11-29;2;1712.2;814.23;Online
3397;193;14;2025-06-25;4;1504.7;780.53;Online
3398;61;9;2025-12-10;2;1410.03;724.51;Store
3399;76;15;2025-08-19;2;1435.42;627.15;Store
3400;135;22;2025-04-01;1;1055.98;698.86;Store
3401;110;4;2025-04-05;1;1367.22;617.48;Online
3402;415;13;2025-05-31;1;1415.75;784.23;Online
3403;158;17;2025-02-12;1;753.79;618.42;Online
3404;46;11;2025-01-13;2;680.27;418.99;Online
3405;466;22;2025-07-08;2;923.36;689.76;Store
3406;263;2;2025-08-31;2;1457.63;684.44;Partner
3407;189;13;2025-04-22;3;1458.38;812.06;Store
3408;174;22;2025-10-01;1;945.86;698.62;Online
3409;195;25;2025-09-22;1;646.0;416.07;Online
3410;43;3;2025-10-14;1;117.64;90.95;Store
3411;154;5;2025-03-25;1;1312.22;646.2;Online
3412;56;28;2025-10-17;1;1271.67;597.25;Online
3413;176;6;2025-09-11;5;884.8;707.65;Online
3414;103;27;2025-01-31;2;819.04;528.49;Store
3415;149;21;2025-12-18;1;1849.9;823.41;Partner
3416;148;12;2025-10-18;1;247.63;216.38;Online
3417;459;25;2025-12-16;3;645.42;428.54;Store
3418;5;27;2025-03-04;2;865.07;499.09;Store
3419;35;24;2025-01-13;2;411.75;348.49;Online
3420;257;5;2025-01-19;1;1332.07;655.02;Online
3421;56;30;2025-12-09;4;1249.65;640.76;Online
3422;428;14;2025-09-24;1;1302.97;730.13;Store
3423;3;6;2025-09-10;1;925.11;673.1;Store
3424;174;13;2025-06-24;2;1248.18;750.78;Store
3425;486;15;2025-01-10;1;1291.08;640.66;Online
3426;430;17;2025-06-09;2;830.24;634.35;Online
3427;385;27;2025-01-07;2;798.81;524.52;Store
3428;1;1;2025-08-09;5;154.08;90.32;Online
3429;311;24;2025-07-10;5;457.39;330.32;Store
3430;449;3;2025-02-23;3;110.03;89.87;Online
3431;381;15;2025-07-30;2;1280.98;624.19;Online
3432;125;26;2025-03-28;2;177.88;128.42;ONLINE
3433;291;16;2025-11-20;1;622.8;316.57;Store
3434;191;20;2025-05-24;4;93.99;51.8;Partner
3435;420;20;2025-08-15;1;84.2;50.86;Store
3436;427;17;2025-05-05;1;847.03;616.58;Online
3437;119;26;2025-06-07;2;166.38;126.53;Online
3438;452;13;2025-10-09;1;1389.11;793.45;Online
3439;424;17;2025-08-10;2;791.34;611.22;Online
3440;230;14;2025-01-07;4;1398.45;782.92;Online
3441;283;21;2025-04-02;2;1817.93;865.13;Online
3442;488;15;2025-09-16;5;1429.13;665.55;Online
3443;151;1;2025-08-10;2;148.81;88.8;Online
3444;377;18;2025-06-11;1;1169.21;694.82;Store
3445;198;11;2025-05-16;2;699.45;409.41;Online
3446;487;26;2025-09-17;2;159.43;130.43;Online
3447;33;15;2025-07-17;2;1324.53;616.55;Online
3448;38;2;2025-01-05;2;1416.33;714.61;Online
3449;338;4;2025-06-10;3;1331.75;654.14;Online
3450;234;4;2025-01-09;1;1356.45;636.6;Online
3451;202;3;2025-05-10;3;104.48;90.07;Online
3452;420;10;2025-08-22;1;996.57;566.26;Online
3453;56;26;2025-05-08;1;166.29;125.86;Store
3454;379;13;2025-08-13;4;1421.98;783.67;Online
3455;347;24;2025-06-25;4;477.26;331.21;Store
3456;112;22;2025-07-06;5;941.26;695.15;Store
3457;185;27;2025-04-03;3;854.86;512.37;Online
3458;370;11;2025-02-21;4;649.01;420.67;Partner
3459;488;27;2025-10-17;3;846.38;502.39;Online
3460;147;16;2025-04-24;4;632.61;319.0;Store
3461;356;15;2025-02-09;4;1323.37;657.9;Online
3462;159;24;2025-03-18;3;432.0;338.22;Partner
3463;157;7;2025-01-31;3;1067.12;780.02;Online
3464;327;18;2025-10-24;2;1064.78;709.55;Store
3465;141;21;2025-05-12;5;1824.74;848.85;Online
3466;14;29;2025-12-25;2;811.6;591.99;Partner
3467;107;15;2025-09-01;1;1353.04;652.56;Online
3468;305;23;2025-02-23;2;1260.61;832.62;Online
3469;74;24;2025-03-05;1;475.82;338.14;Partner
3470;360;23;2025-02-01;1;1416.51;824.13;Online
3471;27;28;2025-05-19;5;1227.9;635.26;Online
3472;336;7;2025-10-21;1;1107.47;770.79;Online
3473;241;18;2025-02-19;1;1094.58;723.98;Online
3474;499;22;2025-01-18;4;994.08;700.52;Partner
3475;97;2;2025-08-26;3;1322.48;700.86;Store
3476;448;22;2025-08-20;4;1017.72;694.67;Store
3477;143;4;2025-07-29;1;1331.42;648.19;Online
3478;216;13;2025-01-15;1;1378.69;774.96;Online
3479;426;1;2025-07-04;1;143.34;95.03;Online
3480;263;16;2025-11-12;2;675.09;324.79;Online
3481;275;28;2025-01-05;5;1173.82;615.97;Online
3482;225;2;2025-08-24;1;1445.01;690.74;Online
3483;296;1;2025-10-25;1;140.55;92.21;Online
3484;323;14;2025-05-13;2;1468.83;740.9;Online
3485;390;26;2025-06-16;3;172.27;125.99;Online
3486;110;2;2025-10-25;4;1409.5;680.59;Online
3487;425;9;2025-09-27;1;1387.4;707.38;Partner
3488;252;22;2025-08-03;5;1044.96;702.42;Partner
3489;373;10;2025-02-27;1;864.14;594.8;Store
3490;499;3;2025-08-23;4;113.76;89.78;Online
3491;184;5;2025-10-06;2;1195.4;677.23;Online
3492;346;8;2025-10-06;2;854.91;410.75;Partner
3493;211;1;2025-01-10;5;130.36;89.85;Partner
3494;30;22;2025-11-02;3;1021.31;674.79;Store
3495;290;5;29/05/2025;4;1370.24;690.68;ONLINE
3496;193;20;2025-04-05;2;88.88;51.96;Store
3497;142;14;2025-06-22;4;1295.67;772.15;Store
3498;197;7;2025-08-29;1;1181.14;746.39;Partner
3499;8;1;2025-05-07;1;131.4;93.97;Online
3500;336;26;2025-09-25;5;176.33;125.54;Online
3501;493;26;2025-02-14;1;184.97;132.11;Store
3502;146;19;2025-06-30;5;612.34;465.2;Online
3503;378;15;2025-01-22;2;1432.09;647.35;Store
3504;300;2;2025-12-13;4;1366.57;719.25;Online
3505;493;27;2025-09-27;3;798.86;510.07;Online
3506;147;10;2025-06-21;1;912.46;586.66;Online
3507;2;22;2025-07-31;2;911.07;698.68;Online
3508;349;20;2025-01-24;5;94.82;50.66;Online
3509;123;26;2025-10-03;4;163.18;129.56;Store
3510;319;25;2025-05-08;1;672.04;427.85;Online
3511;296;21;2025-01-15;2;1675.65;828.46;Store
3512;179;26;2025-08-27;4;185.59;132.87;Online
3513;199;3;2025-11-15;4;110.91;88.04;Partner
3514;126;11;2025-02-09;5;705.37;400.85;Store
3515;171;23;2025-07-28;3;1332.69;805.81;Online
3516;455;1;2025-11-26;1;138.82;92.21;Online
3517;217;17;2025-12-25;1;780.12;641.1;Partner
3518;57;25;2025-06-01;1;707.11;416.35;Online
3519;222;27;2025-06-04;2;865.69;526.68;Online
3520;8;3;2025-10-31;4;107.56;85.87;Online
3521;369;30;2025-06-04;1;1341.22;648.5;Online
3522;220;12;2025-03-07;4;253.01;207.88;Online
3523;151;26;2025-08-23;3;173.01;125.68;Online
3524;318;24;2025-12-08;1;489.84;353.19;Online
3525;392;27;2025-02-22;3;828.48;503.34;Partner
3526;400;14;2025-04-23;4;1356.46;742.0;Partner
3527;332;15;2025-04-25;1;1406.22;626.51;Store
3528;324;28;2025-02-12;1;1203.97;635.4;Partner
3529;31;16;2025-10-31;3;669.88;321.52;Store
3530;44;10;2025-11-11;1;905.37;605.26;Online
3531;391;8;2025-11-23;1;791.7;430.85;Online
3532;412;6;2025-07-18;5;796.53;693.0;Store
3533;171;24;2025-02-22;1;467.06;346.73;Store
3534;215;8;2025-05-04;4;851.72;422.51;Partner
3535;442;26;2025-05-08;4;166.57;123.74;Online
3536;432;2;2025-05-29;3;1444.54;709.51;Online
3537;439;27;2025-06-15;2;807.0;520.9;Online
3538;426;23;2025-03-14;1;1324.36;802.57;Online
3539;222;7;2025-06-16;1;1216.86;782.99;Online
3540;143;2;2025-09-16;4;1266.2;704.26;Online
3541;153;18;2025-02-02;5;1058.55;735.71;Store
3542;389;30;2025-11-21;4;1317.29;644.12;Store
3543;53;4;2025-03-15;3;1354.51;615.09;Online
3544;22;7;2025-04-28;2;1077.8;750.93;Online
3545;173;18;2025-08-04;1;1072.22;699.75;Online
3546;178;2;2025-06-11;5;1337.92;694.1;Online
3547;461;26;2025-04-30;2;165.32;128.94;Online
3548;411;13;2025-09-17;5;1481.64;785.58;Online
3549;351;18;2025-08-28;5;1207.71;694.03;Online
3550;450;5;2025-07-02;4;1269.54;663.03;Online
3551;188;9;2025-08-16;5;1353.79;698.6;Store
3552;473;20;2025-09-01;3;95.69;48.9;Online
3553;24;2;2025-01-29;3;1492.83;696.55;Store
3554;466;22;2025-07-05;5;977.13;661.75;Store
3555;160;25;2025-08-11;3;723.23;422.87;Store
3556;150;8;2025-06-08;2;804.69;403.75;Online
3557;339;21;2025-03-22;5;1680.83;834.61;Online
3558;11;13;2025-12-02;1;1380.4;807.04;Online
3559;332;21;2025-11-08;3;1631.24;829.11;Online
3560;48;14;2025-09-21;5;1401.4;750.84;Online
3561;314;10;2025-06-27;5;886.44;599.62;Online
3562;114;4;2025-12-15;1;1418.13;623.14;Store
3563;308;6;2025-09-10;2;882.21;700.57;Online
3564;248;5;2025-11-30;5;1287.32;656.33;Online
3565;477;3;2025-02-08;2;106.91;86.29;Online
3566;143;20;2025-10-12;5;93.8;50.51;Store
3567;200;9;2025-06-27;3;1255.73;688.92;Store
3568;428;6;2025-10-18;3;889.85;669.89;Online
3569;53;19;2025-12-12;3;618.54;452.38;Store
3570;79;11;2025-06-16;1;707.5;407.61;Online
3571;319;8;2025-08-26;4;904.4;430.29;Online
3572;490;14;2025-09-30;4;1361.01;746.61;Online
3573;458;18;2025-10-18;3;1087.53;683.27;Store
3574;273;19;2025-01-08;1;566.79;475.14;Store
3575;99;18;2025-12-17;3;1213.4;701.02;Online
3576;386;12;2025-10-28;4;238.83;210.13;Online
3577;32;20;2025-06-14;3;88.51;49.6;Store
3578;232;1;2025-12-26;3;135.64;94.84;Online
3579;89;20;2025-04-10;1;86.63;51.3;Online
3580;276;24;2025-10-06;2;456.07;353.14;Online
3581;194;27;2025-06-05;1;780.58;529.6;Online
3582;169;6;2025-05-13;1;870.77;700.91;Online
3583;239;5;2025-11-09;1;1225.66;650.22;Online
3584;198;26;2025-06-05;3;166.76;125.87;Online
3585;253;11;2025-11-11;2;743.47;424.13;Online
3586;41;5;2025-05-19;3;1369.45;649.2;Store
3587;100;6;2025-03-10;3;820.52;699.37;Online
3588;128;17;2025-06-02;2;832.49;628.09;Online
3589;452;22;2025-08-17;1;1012.82;659.49;Online
3590;359;12;2025-09-08;5;261.82;208.11;Store
3591;401;6;2025-08-05;1;850.31;709.05;Partner
3592;53;28;2025-07-08;1;1094.84;627.99;Online
3593;88;18;2025-02-27;5;1061.4;702.99;Store
3594;369;20;2025-04-09;5;92.66;49.71;Store
3595;213;23;2025-11-10;5;1300.84;824.35;Online
3596;117;9;2025-10-07;5;1491.34;714.73;Partner
3597;381;11;2025-09-08;4;710.54;423.27;Store
3598;319;20;2025-01-31;4;88.83;51.9;Online
3599;144;6;2025-08-04;3;907.2;715.98;Online
3600;153;2;2025-04-08;2;1478.38;732.35;Store
3601;405;15;2025-11-15;4;1260.79;661.7;Online
3602;137;12;2025-05-27;2;268.72;210.7;Online
3603;135;22;2025-11-09;5;1005.89;660.49;Store
3604;381;4;2025-09-30;1;1215.18;636.68;Online
3605;266;3;2025-11-16;1;111.18;87.4;Online
3606;115;17;2025-08-16;4;862.89;617.76;Store
3607;209;25;2025-02-19;3;683.0;412.34;Online
3608;498;10;2025-04-25;2;991.26;575.25;Online
3609;228;30;2025-06-30;2;1175.8;662.63;Online
3610;82;2;2025-12-26;2;1323.33;723.82;Online
3611;3;25;2025-01-30;1;731.13;411.74;Partner
3612;349;3;2025-01-06;4;114.68;89.54;Online
3613;111;19;2025-05-27;2;591.82;463.32;Partner
3614;309;30;2025-04-01;2;1150.23;620.79;Store
3615;493;30;2025-03-07;2;1151.59;631.89;Online
3616;192;30;2025-05-18;3;1155.92;631.08;Online
3617;324;20;2025-07-25;3;83.5;49.84;Partner
3618;490;25;2025-04-17;2;677.9;443.91;Store
3619;53;29;2025-07-11;1;783.89;555.29;Store
3620;331;21;2025-01-14;1;1882.79;869.61;Online
3621;256;20;2025-09-28;3;82.64;51.26;Online
3622;54;28;2025-10-22;4;1271.47;624.55;Online
3623;359;11;2025-02-27;3;672.45;423.04;Online
3624;488;6;2025-12-15;2;897.42;694.82;Store
3625;369;14;2025-06-09;4;1443.27;757.91;Online
3626;90;17;2025-06-11;1;839.41;604.63;Store
3627;243;25;2025-02-16;2;721.3;433.01;Online
3628;451;23;2025-03-17;5;1200.69;807.51;Store
3629;257;13;2025-06-25;3;1383.33;799.57;Online
3630;218;14;2025-07-09;4;1372.13;753.69;Online
3631;2;7;2025-10-26;2;1118.03;777.57;Store
3632;469;27;2025-05-15;4;768.19;498.33;Store
3633;382;10;2025-04-25;1;863.05;597.83;Online
3634;428;6;2025-12-20;2;907.25;681.21;Store
3635;302;14;2025-05-01;2;1371.32;732.31;Online
3636;2;27;2025-05-05;1;869.87;502.02;Online
3637;419;19;2025-09-25;4;549.13;445.5;Store
3638;97;9;2025-11-23;3;1453.37;689.16;Store
3639;176;2;2025-08-09;5;1502.87;715.35;Partner
3640;261;25;2025-02-23;1;620.32;411.01;Online
3641;323;19;2025-06-12;2;604.2;456.71;Online
3642;390;7;2025-06-08;5;1107.38;753.96;Online
3643;477;30;2025-04-19;1;1271.41;616.14;Online
3644;171;22;2025-11-20;3;1013.36;665.25;Partner
3645;185;17;2025-10-16;5;767.22;614.48;Online
3646;116;23;2025-06-30;3;1303.22;792.57;Online
3647;174;2;2025-02-28;4;1335.33;684.62;Online
3648;133;3;2025-11-06;5;104.83;91.93;Store
3649;12;17;2025-12-27;2;842.38;628.26;Online
3650;443;28;2025-11-26;1;1156.06;607.53;Store
3651;25;12;2025-03-17;1;236.24;213.71;Online
3652;498;26;2025-06-25;1;187.02;130.14;Store
3653;436;29;2025-01-22;1;835.55;555.73;Online
3654;204;11;2025-11-23;3;734.6;408.09;Store
3655;11;7;2025-03-24;1;1048.93;769.75;Online
3656;486;9;2025-07-23;1;1392.16;731.0;Online
3657;423;23;2025-05-10;3;1301.57;794.68;Partner
3658;106;15;2025-03-29;2;1412.24;657.87;Store
3659;84;25;2025-10-13;1;710.98;421.41;Store
3660;182;12;2025-05-26;1;252.06;219.51;Online
3661;169;23;2025-06-06;1;1232.03;828.31;Online
3662;298;21;2025-11-17;5;1786.57;833.82;Online
3663;404;28;2025-12-22;3;1250.12;602.44;Store
3664;176;5;2025-10-19;3;1357.25;692.94;Online
3665;171;25;2025-12-04;1;677.15;433.41;Online
3666;45;11;2025-10-04;3;713.72;418.85;Online
3667;107;22;2025-08-10;2;907.57;681.75;Store
3668;243;9;2025-03-03;1;1475.48;733.6;Store
3669;480;24;2025-02-23;5;456.07;336.44;Store
3670;490;28;2025-05-26;3;1087.69;632.28;Store
3671;31;13;2025-10-27;5;1415.8;801.89;Partner
3672;302;2;2025-07-06;4;1358.92;726.63;Store
3673;336;25;2025-05-28;4;714.98;420.35;Online
3674;408;4;2025-09-24;4;1358.54;643.0;Online
3675;431;19;2025-12-29;2;637.04;471.73;Online
3676;409;25;2025-09-18;1;632.01;431.65;Store
3677;360;2;2025-02-02;1;1395.79;681.54;Online
3678;419;15;2025-09-02;5;1284.58;623.53;Online
3679;193;4;2025-08-13;4;1311.62;622.1;Partner
3680;21;24;2025-03-02;1;432.23;352.9;Store
3681;74;29;2025-11-06;1;865.82;557.36;Online
3682;221;23;2025-07-18;3;1191.74;804.7;Store
3683;76;4;2025-03-15;1;1250.72;617.7;Store
3684;10;2;2025-01-26;2;1433.75;681.25;Store
3685;342;11;2025-11-06;4;730.44;425.81;Online
3686;182;25;2025-04-19;3;665.21;413.04;Online
3687;37;8;2025-07-13;1;906.41;431.55;Online
3688;174;29;2025-07-03;3;825.56;597.48;Store
3689;312;18;2025-02-07;1;1072.88;733.17;Online
3690;430;1;2025-09-21;1;142.45;91.05;Partner
3691;414;13;2025-12-10;5;1385.31;783.23;Online
3692;430;9;2025-08-13;4;1443.52;710.09;Partner
3693;169;25;2025-03-08;1;692.42;437.34;Store
3694;452;3;2025-06-13;1;106.7;87.13;Online
3695;53;19;2025-12-11;2;550.31;461.68;Online
3696;303;12;2025-11-24;4;273.5;210.79;Store
3697;301;27;2025-10-18;2;873.26;507.71;Online
3698;188;26;2025-11-13;2;168.3;123.75;Online
3699;444;3;2025-12-10;1;117.34;87.34;Store
3700;454;1;2025-10-11;1;153.16;89.62;Online
3701;308;25;2025-04-27;1;626.23;443.0;Online
3702;338;20;2025-04-09;1;86.09;50.34;Store
3703;455;9;2025-08-27;5;1443.81;715.97;Online
3704;280;19;2025-07-30;3;548.24;471.35;Online
3705;372;29;2025-04-02;5;757.49;571.43;Online
3706;289;17;2025-01-21;4;763.91;625.14;Partner
3707;301;30;2025-09-02;1;1342.53;620.2;Online
3708;298;8;2025-03-13;2;774.18;406.51;Online
3709;8;28;2025-09-11;2;1230.27;620.59;Online
3710;465;1;2025-03-22;1;141.9;95.12;Online
3711;473;21;2025-02-17;4;1862.16;825.58;Partner
3712;280;19;2025-11-07;2;614.65;449.05;Store
3713;124;20;2025-12-03;4;96.23;50.97;Online
3714;364;9;2025-11-08;5;1406.44;735.09;Online
3715;43;16;2025-11-25;4;688.17;326.07;Online
3716;69;27;2025-08-18;4;797.68;520.03;Online
3717;246;13;2025-11-14;1;1293.11;803.19;Online
3718;129;25;2025-08-31;2;628.34;422.54;Online
3719;49;21;2025-11-07;5;1818.17;857.82;Store
3720;34;24;2025-06-20;2;467.58;341.11;Online
3721;363;22;2025-07-26;3;934.38;704.17;Online
3722;275;23;2025-01-14;5;1262.4;851.09;Store
3723;492;23;2025-12-08;5;1341.77;823.83;Store
3724;418;13;2025-09-12;1;1262.31;774.19;Store
3725;15;29;2025-08-13;5;783.07;579.97;Online
3726;204;6;2025-04-29;2;847.91;718.18;Online
3727;69;26;2025-11-02;5;180.16;125.37;Online
3728;377;30;2025-01-28;1;1155.75;663.56;Store
3729;284;23;2025-09-08;1;1303.78;846.4;Online
3730;265;6;2025-11-10;1;887.67;682.54;Store
3731;229;9;2025-03-13;1;1487.26;739.31;Store
3732;363;28;2025-11-10;1;1178.45;597.72;Online
3733;467;24;2025-05-06;4;411.21;340.39;Partner
3734;20;18;2025-04-06;1;1101.49;700.05;Online
3735;393;14;2025-05-14;2;1397.33;754.42;Online
3736;197;2;2025-01-14;1;1480.72;722.25;Online
3737;426;15;2025-06-06;2;1323.3;650.36;Partner
3738;496;3;2025-01-31;2;108.6;89.32;Online
3739;223;20;2025-05-24;1;94.4;51.15;Online
3740;9;30;2025-03-16;4;1247.98;664.17;Store
3741;389;5;2025-12-12;2;1289.88;679.79;Partner
3742;119;15;2025-11-03;1;1322.86;654.94;Online
3743;246;1;2025-10-28;1;147.52;88.9;Online
3744;209;4;2025-09-19;2;1240.83;617.57;Store
3745;457;5;2025-04-18;1;1292.49;647.37;Online
3746;55;13;2025-05-14;1;1373.3;812.3;Online
3747;383;18;2025-06-30;5;1120.13;725.84;Online
3748;89;20;2025-06-07;5;82.59;52.1;Online
3749;136;19;2025-11-19;2;561.24;442.78;Partner
3750;352;19;2025-05-31;4;564.33;450.48;ONLINE
3751;211;7;2025-05-09;2;1225.76;787.34;Online
3752;398;11;2025-03-26;2;707.77;422.18;Online
3753;292;1;2025-12-25;1;154.87;93.7;Partner
3754;265;11;2025-09-02;2;672.28;429.6;Online
3755;362;21;2025-02-21;1;1616.8;816.42;Online
3756;59;26;2025-03-05;5;176.71;128.61;Store
3757;141;2;2025-04-14;4;1449.8;707.64;Online
3758;352;7;2025-05-12;1;1226.76;772.96;Online
3759;73;15;2025-12-23;4;1286.44;619.77;Store
3760;404;10;2025-08-25;1;910.99;576.83;Partner
3761;456;26;2025-12-23;5;187.13;126.38;Online
3762;255;21;2025-03-30;1;1888.82;806.79;Online
3763;213;21;2025-06-05;5;1781.76;845.76;Online
3764;435;18;2025-01-24;3;1126.55;725.76;Online
3765;430;11;2025-01-19;5;672.46;420.14;Online
3766;435;29;2025-11-15;1;796.58;593.26;Store
3767;94;17;2025-10-12;2;802.72;640.46;Store
3768;210;28;2025-11-14;5;1196.57;617.39;Store
3769;93;26;2025-05-13;3;161.23;132.77;Store
3770;281;27;2025-07-06;2;801.3;525.88;Store
3771;230;3;2025-04-03;2;113.51;92.35;Online
3772;287;8;2025-11-14;2;801.79;399.56;Online
3773;447;20;2025-02-04;2;88.48;52.44;Online
3774;305;24;2025-11-02;1;476.78;352.2;Online
3775;185;20;2025-04-03;3;89.64;51.6;Online
3776;192;15;2025-08-14;5;1252.54;622.48;Online
3777;182;30;2025-03-02;1;1171.72;649.19;Store
3778;483;16;2025-08-13;5;604.37;332.41;Store
3779;203;10;2025-09-07;5;926.87;577.0;Online
3780;266;4;2025-06-23;5;1266.21;657.86;Online
3781;120;30;2025-07-04;4;1155.56;618.37;Store
3782;196;3;2025-02-08;1;114.11;91.75;Store
3783;40;27;2025-11-28;2;844.53;511.74;Store
3784;71;21;2025-03-05;2;1888.34;837.3;Store
3785;63;16;2025-09-19;1;638.14;341.75;Online
3786;170;21;2025-02-09;2;1856.96;856.44;Online
3787;230;11;2025-09-22;3;652.64;416.23;Store 
3788;121;2;2025-08-08;5;1491.57;719.83;Online
3789;354;30;2025-11-28;3;1341.11;616.17;Online
3790;151;21;2025-12-19;5;1638.39;827.15;Store
3791;329;30;2025-06-27;4;1331.83;648.19;Store
3792;201;16;2025-08-05;1;682.09;331.91;Online
3793;423;9;2025-10-16;4;1453.33;705.39;Partner
3794;141;12;2025-07-01;1;240.88;215.04;Online
3795;287;22;2025-09-09;4;990.75;700.91;Partner
3796;13;14;2025-09-14;1;1339.55;762.87;Online
3797;163;21;2025-08-14;3;1769.89;816.56;Online
3798;214;12;2025-12-28;4;264.13;217.6;Store
3799;57;16;2025-10-27;1;623.17;319.88;Online
3800;462;10;2025-05-29;4;856.05;570.71;Online
3801;349;9;2025-12-07;1;1257.89;700.44;Partner
3802;307;11;2025-04-24;1;693.52;407.2;Online
3803;122;13;2025-09-17;5;1465.31;794.93;Online
3804;370;15;2025-11-18;1;1397.46;616.46;Store
3805;240;10;2025-11-04;2;889.68;582.52;Store
3806;18;18;2025-07-26;1;1033.14;730.05;Online
3807;99;19;2025-05-09;2;598.2;463.15;Online
3808;45;16;2025-07-03;2;610.96;335.67;Online
3809;204;2;2025-03-06;4;1475.88;691.49;Store
3810;96;1;2025-10-06;3;142.05;94.04;Online
3811;61;11;2025-09-08;4;637.64;405.81;Online
3812;267;18;2025-08-21;1;1138.34;703.2;Store
3813;182;28;2025-08-29;2;1198.15;610.26;Online
3814;204;24;2025-06-04;5;475.29;355.57;Online
3815;177;20;2025-12-24;1;98.16;50.82;Online
3816;317;25;2025-10-21;2;733.58;436.37;Store
3817;239;17;2025-10-21;2;852.43;599.76;Online
3818;440;30;2025-04-08;5;1338.83;617.17;Online
3819;299;28;2025-05-06;1;1176.58;604.37;Store
3820;114;16;2025-03-08;1;660.62;319.15;Store
3821;147;19;2025-01-29;2;579.5;451.07;Online
3822;240;29;2025-02-12;2;825.17;571.04;Partner
3823;299;24;2025-09-11;1;459.15;342.98;Store
3824;496;30;2025-01-30;3;1319.02;639.46;Online
3825;124;20;2025-01-07;3;86.21;50.51;Online
3826;216;7;2025-11-07;5;1067.04;783.43;Online
3827;79;20;2025-11-22;5;95.04;51.8;Online
3828;186;11;2025-12-27;3;727.94;425.68;Store
3829;151;7;2025-03-07;1;1226.93;767.83;Store
3830;307;18;2025-04-30;5;1196.45;696.61;Partner
3831;238;10;2025-01-26;2;975.13;580.62;Online
3832;201;21;2025-02-25;5;1624.7;852.68;Online
3833;21;13;2025-08-13;3;1375.75;800.18;Store
3834;334;30;2025-11-18;4;1144.77;653.49;Store
3835;361;3;2025-07-26;2;113.15;86.75;Online
3836;269;17;2025-08-16;2;869.48;602.89;Store
3837;129;24;2025-08-30;2;453.7;333.98;Online
3838;207;16;2025-09-27;1;693.32;332.29;Online
3839;258;11;2025-04-07;4;666.84;423.36;Online
3840;270;28;2025-12-05;2;1184.97;615.45;Online
3841;466;22;2025-10-08;1;923.74;662.98;Store
3842;197;27;2025-05-22;1;854.86;531.24;Online
3843;495;5;2025-09-08;1;1185.43;685.39;Online
3844;473;13;2025-10-21;3;1312.88;804.75;Store
3845;63;11;2025-12-08;2;664.64;432.1;Online
3846;341;27;2025-10-24;5;809.96;527.57;Online
3847;83;3;2025-02-10;5;107.53;91.65;Store
3848;415;4;2025-12-31;2;1253.51;620.64;Store
3849;387;1;2025-09-27;5;141.67;91.84;Online
3850;371;3;2025-09-04;2;105.4;89.75;Online
3851;98;7;2025-10-23;2;1099.8;748.81;Store
3852;122;1;2025-04-02;1;143.72;91.74;Partner
3853;13;26;2025-05-12;4;173.41;127.55;Online
3854;181;25;2025-05-05;2;658.3;430.84;Store
3855;409;16;2025-09-13;1;706.66;319.16;Partner
3856;11;14;2025-11-02;5;1508.83;747.87;Store
3857;138;3;2025-10-13;1;105.61;89.65;Online
3858;315;16;2025-01-16;5;699.34;322.28;Online
3859;302;6;2025-04-07;1;933.66;721.23;Online
3860;51;7;2025-04-24;2;1127.43;739.69;Online
3861;17;13;2025-08-26;1;1445.39;797.32;Online
3862;345;13;2025-03-07;4;1282.41;805.73;Online
3863;346;28;2025-04-06;1;1251.99;588.69;Store
3864;93;18;2025-03-25;1;1177.73;687.62;Online
3865;161;10;2025-06-09;4;975.46;587.16;Store
3866;258;28;2025-11-02;3;1149.52;610.28;Online
3867;418;14;2025-12-13;1;1482.23;760.02;Store
3868;466;4;2025-03-01;1;1391.95;639.45;Partner
3869;295;17;2025-01-31;1;843.98;628.99;Online
3870;418;21;2025-03-22;1;1662.49;808.16;Store
3871;229;22;2025-03-26;1;1032.8;693.84;Online
3872;219;3;2025-04-25;1;101.97;92.11;Store
3873;272;3;2025-05-27;2;103.91;85.59;Online
3874;191;4;2025-11-18;1;1284.0;632.71;Online
3875;494;16;2025-10-12;1;657.61;327.12;Partner
3876;41;3;2025-04-10;2;102.51;88.0;Online
3877;437;23;2025-06-01;5;1304.85;808.3;Store
3878;395;7;2025-10-03;2;1207.81;758.74;Online
3879;79;4;2025-09-12;1;1437.93;621.1;Online
3880;100;16;2025-06-28;1;611.14;321.36;Online
3881;274;14;2025-11-19;4;1359.5;779.74;Online
3882;169;10;2025-10-14;5;973.4;580.29;Online
3883;108;26;2025-06-25;1;166.72;128.59;Store
3884;346;17;2025-03-15;2;881.85;600.32;Store
3885;262;4;2025-02-21;3;1334.53;625.43;Online
3886;235;27;2025-03-10;2;734.92;499.93;Store
3887;188;21;2025-04-18;2;1658.9;853.67;Online
3888;349;3;2025-04-07;2;109.11;92.16;Store
3889;363;7;2025-06-21;4;1096.47;792.38;Online
3890;408;28;2025-01-02;5;1262.83;589.73;Store
3891;250;22;2025-03-31;1;980.47;687.26;Partner
3892;474;24;2025-06-21;2;462.11;334.86;Online
3893;408;24;2025-11-07;2;473.05;343.67;Online
3894;424;23;2025-01-05;1;1416.46;853.43;Partner
3895;65;27;2025-12-22;2;804.6;531.27;Online
3896;485;26;2025-07-17;1;184.53;128.69;Store
3897;344;15;2025-12-20;2;1427.52;636.19;Online
3898;140;3;2025-09-23;2;110.48;89.73;Online
3899;332;1;2025-05-30;5;147.86;89.09;Online
3900;76;5;2025-11-19;4;1321.74;679.03;Store
3901;179;26;2025-11-01;1;167.56;127.51;Partner
3902;32;17;2025-03-04;2;859.94;603.34;Online
3903;240;20;2025-04-07;5;85.04;50.31;Partner
3904;496;22;2025-09-07;2;940.16;662.89;Online
3905;381;8;2025-03-17;4;875.7;426.13;Online
3906;481;10;2025-10-08;4;863.88;572.3;Online
3907;260;6;2025-11-05;1;840.26;714.51;Online
3908;303;17;2025-12-07;2;819.89;619.4;Online
3909;200;2;2025-11-04;2;1501.09;700.84;Online
3910;490;30;2025-03-22;4;1298.32;639.57;Partner
3911;437;18;2025-02-17;3;1180.37;704.78;Partner
3912;150;30;2025-12-03;2;1178.67;653.25;Online
3913;366;18;2025-10-26;1;1184.3;735.85;Online
3914;202;22;2025-02-19;4;914.62;666.1;Online
3915;136;26;2025-02-28;2;161.91;125.79;Online
3916;70;2;2025-02-04;3;1270.73;721.7;Store
3917;87;26;2025-08-16;1;176.1;131.13;Online
3918;348;4;2025-05-14;1;1349.18;637.19;Partner
3919;309;26;2025-08-29;3;187.68;130.25;Online
3920;388;3;2025-07-05;4;105.7;91.87;Online
3921;66;6;2025-11-13;4;922.1;714.05;Online
3922;363;12;2025-02-27;3;274.8;210.68;Store
3923;149;5;2025-07-22;3;1188.31;698.25;Online
3924;459;21;2025-06-17;4;1663.55;823.01;Store
3925;10;19;2025-07-20;3;594.21;446.72;Partner
3926;413;5;2025-11-06;2;1365.86;693.62;Online
3927;451;8;2025-07-20;2;818.75;422.7;Online
3928;36;8;2025-07-24;2;871.31;424.49;Online
3929;55;4;2025-07-05;1;1354.91;650.43;Store
3930;477;29;2025-02-16;2;881.07;565.84;Online
3931;272;17;2025-12-26;4;854.7;608.6;Partner
3932;12;27;2025-10-31;5;798.88;538.13;Store
3933;384;20;2025-11-22;2;96.02;51.56;Store
3934;18;30;2025-11-04;1;1270.3;630.27;Online
3935;221;11;2025-04-09;1;678.99;401.51;Online
3936;91;22;2025-01-10;1;899.34;657.2;Online
3937;431;2;2025-02-06;5;1403.39;700.06;Online
3938;261;4;2025-12-27;3;1434.04;618.67;Online
3939;31;19;2025-04-07;1;547.32;464.73;Store
3940;272;7;2025-12-20;4;1059.13;754.43;Store
3941;419;19;2025-01-27;2;605.15;463.86;Store
3942;423;18;2025-02-19;2;1176.13;696.49;Store
3943;469;9;2025-03-05;2;1433.64;720.27;Online
3944;469;14;2025-02-20;4;1529.17;751.48;Online
3945;205;11;2025-06-13;2;641.89;428.13;Online
3946;184;13;2025-10-13;2;1249.36;782.91;Online
3947;80;11;2025-05-09;3;683.17;418.49;Partner
3948;447;11;2025-10-05;2;738.79;411.44;Online
3949;133;25;2025-05-10;2;731.69;426.24;Online
3950;149;2;2025-04-29;1;1396.46;688.49;Online
3951;22;9;2025-09-21;1;1369.64;721.32;Online
3952;116;24;2025-03-20;1;418.13;355.23;Partner
3953;354;13;2025-09-18;2;1446.85;783.63;Online
3954;327;4;2025-07-17;1;1389.98;642.45;Online
3955;92;5;2025-05-16;1;1325.84;692.18;Online
3956;350;24;2025-01-03;1;457.37;341.71;Online
3957;264;15;2025-08-21;4;1222.86;639.18;Store
3958;295;24;2025-11-18;2;424.48;352.88;Online
3959;19;9;2025-12-28;1;1365.74;720.36;Store
3960;208;14;2025-01-09;5;1429.87;759.69;Online
3961;355;6;2025-09-10;2;902.73;677.64;Online
3962;76;11;2025-01-16;2;660.07;404.28;Online
3963;12;27;2025-12-27;4;748.4;501.21;Online
3964;341;9;2025-04-04;4;1372.33;732.98;Online
3965;74;30;2025-12-10;4;1289.98;661.62;Online
3966;317;5;2025-09-30;2;1342.39;690.78;Online
3967;219;22;2025-03-09;1;935.56;684.37;Online
3968;205;5;2025-02-06;4;1278.97;672.73;Online
3969;250;8;2025-02-08;3;895.18;404.5;Store
3970;471;24;2025-11-27;4;457.06;339.37;Store
3971;259;15;2025-10-17;1;1304.86;638.2;Online
3972;231;27;2025-04-11;2;774.37;537.1;Online
3973;96;1;2025-04-14;4;154.38;93.24;Online
3974;479;17;2025-01-30;4;870.82;599.64;Store
3975;421;19;2025-10-15;1;545.51;442.03;Partner
3976;56;13;2025-01-15;3;1242.98;799.89;Online
3977;65;28;2025-07-05;2;1247.12;618.34;Online
3978;407;29;2025-12-14;2;882.84;555.52;Store
3979;416;28;2025-03-30;5;1183.61;610.71;Store
3980;86;11;2025-02-13;5;663.56;402.09;Store
3981;162;13;2025-08-21;1;1319.6;811.49;Online
3982;196;30;2025-06-18;1;1220.57;624.73;Online
3983;475;2;2025-10-22;1;1375.22;719.75;Online
3984;280;16;2025-01-12;2;660.91;336.45;Store
3985;448;26;2025-11-07;1;171.69;131.63;Partner
3986;349;17;2025-06-12;2;853.47;643.24;Online
3987;300;5;2025-07-02;4;1318.91;652.77;Online
3988;6;17;2025-10-03;3;855.78;602.25;Online
3989;337;23;2025-09-22;1;1305.9;827.16;Online
3990;148;24;2025-11-01;1;472.59;347.37;Online
3991;297;27;2025-02-01;1;847.54;505.32;Partner
3992;69;1;2025-05-29;2;134.58;91.24;ONLINE
3993;287;6;2025-09-03;1;793.6;705.92;Online
3994;147;2;2025-01-14;5;1427.14;692.81;Online
3995;52;15;2025-07-10;2;1411.3;644.9;Partner
3996;483;22;2025-02-08;5;990.97;689.34;Store
3997;114;23;2025-10-04;1;1220.59;806.39;Online
3998;432;28;2025-10-19;3;1112.16;608.49;Online
3999;81;25;2025-04-28;5;639.54;424.41;Partner
4000;454;20;2025-04-17;4;88.29;49.34;Store
4001;454;5;2025-04-15;4;1328.86;661.27;Online
4002;14;24;2025-02-12;5;438.83;351.29;Online
4003;215;28;2025-09-09;3;1114.14;623.69;Store
4004;182;23;2025-12-20;1;1361.51;845.48;Online
4005;460;7;2025-08-03;5;1162.49;762.17;Store
4006;120;5;2025-10-25;4;1269.71;647.31;Partner
4007;106;24;2025-01-30;1;484.2;355.24;Store
4008;182;4;2025-10-28;1;1383.74;658.2;Online
4009;186;14;2025-06-15;1;1400.67;761.97;Online
4010;19;20;2025-01-11;3;89.84;52.08;Online
4011;349;2;2025-06-06;2;1394.76;692.94;Partner
4012;416;8;2025-01-14;1;889.11;429.01;Online
4013;397;1;2025-06-08;1;135.98;91.99;Store
4014;296;12;2025-05-25;2;267.63;210.8;Online
4015;69;25;2025-07-30;1;637.9;410.73;Online
4016;455;19;2025-06-28;2;577.07;459.59;Online
4017;365;25;2025-09-20;5;684.6;422.98;Store
4018;392;6;21/10/2025;1;936.26;676.63;Online
4019;421;17;2025-02-26;2;829.42;602.68;Store
4020;455;8;2025-07-28;5;802.53;399.24;Online
4021;29;7;2025-12-27;3;1083.99;760.21;Online
4022;401;13;2025-01-21;1;1323.7;763.1;Store
4023;122;22;2025-06-15;1;910.02;654.2;Online
4024;118;15;2025-10-02;2;1437.98;655.16;Online
4025;128;5;2025-11-28;1;1190.71;673.21;Online
4026;388;2;2025-08-06;1;1428.07;679.11;Partner
4027;281;12;2025-11-04;1;254.78;215.43;Online
4028;148;15;2025-01-23;1;1286.06;616.37;Store
4029;485;19;2025-09-17;3;631.44;457.56;Partner
4030;268;14;2025-01-22;2;1439.05;736.5;Online
4031;192;16;2025-04-18;1;627.29;336.91;Online
4032;475;1;2025-05-19;1;153.5;95.23;Store
4033;371;6;2025-02-12;1;839.14;709.54;Online
4034;207;24;2025-09-26;1;479.9;341.47;Online
4035;416;15;2025-09-29;2;1419.88;638.2;Partner
4036;436;12;2025-03-26;1;246.68;206.97;Store
4037;216;3;2025-05-23;1;103.6;90.6;Partner
4038;149;25;2025-01-30;1;674.44;418.67;Partner
4039;221;4;2025-04-11;5;1397.66;647.99;Store
4040;324;11;2025-08-23;1;679.55;405.63;Store
4041;54;15;2025-06-15;5;1416.2;622.88;Online
4042;319;13;2025-05-08;1;1408.06;796.45;Store
4043;475;15;2025-05-18;4;1352.45;665.38;Store
4044;18;22;2025-04-26;1;1039.74;669.26;Online
4045;166;14;2025-10-14;1;1309.13;735.52;Store
4046;47;20;2025-01-05;5;95.68;50.11;Store
4047;45;18;2025-07-18;1;1217.49;734.13;Online
4048;153;26;2025-09-14;1;186.04;129.53;Online
4049;23;25;2025-12-13;2;626.99;437.33;Store
4050;217;15;2025-05-20;3;1220.14;631.11;Store
4051;200;7;2025-06-08;2;1224.9;784.36;Online
4052;67;18;2025-09-03;5;1195.32;686.88;Online
4053;206;6;2025-01-27;1;837.14;699.95;Store
4054;243;28;2025-07-23;2;1170.5;595.25;Online
4055;284;4;2025-08-08;5;1237.58;650.27;Online
4056;422;17;2025-11-15;4;878.12;606.39;Partner
4057;311;8;2025-03-18;4;770.94;416.27;Store
4058;379;26;2025-10-14;4;166.85;131.86;Online
4059;361;8;2025-04-08;1;803.68;402.56;Store
4060;50;5;2025-05-01;2;1188.08;682.53;Online
4061;97;10;2025-04-05;3;989.32;611.76;Online
4062;152;29;2025-12-30;2;884.89;555.14;Online
4063;186;3;2025-06-09;4;101.45;86.6;Store
4064;139;29;2025-03-01;2;859.6;562.45;Partner
4065;101;2;2025-05-20;1;1375.38;690.68;Store
4066;192;21;2025-05-08;1;1587.21;811.01;Online
4067;33;28;2025-01-09;2;1111.15;592.31;Store
4068;311;25;2025-09-12;5;638.94;427.98;Online
4069;56;24;2025-07-20;2;466.11;330.62;Store
4070;442;7;2025-09-15;4;1075.29;782.14;Online
4071;88;20;2025-11-24;4;88.74;49.48;Online
4072;304;9;2025-07-25;3;1265.3;687.16;Online
4073;170;9;2025-01-20;1;1428.22;686.16;Partner
4074;405;23;2025-04-01;2;1388.92;831.87;Online
4075;414;10;2025-01-07;3;860.02;589.99;Online
4076;300;14;2025-02-20;2;1320.79;736.88;Store
4077;469;8;2025-05-04;1;817.79;429.42;Store
4078;237;18;2025-04-02;4;1155.17;727.53;Store
4079;473;26;2025-04-11;2;165.81;123.61;Online
4080;102;16;2025-12-10;5;687.87;336.44;Store
4081;5;28;2025-12-21;3;1136.22;612.03;Online
4082;418;5;2025-06-11;1;1223.63;654.29;Online
4083;435;28;2025-12-18;1;1255.21;590.94;Partner
4084;45;23;2025-11-03;5;1312.28;832.94;Online
4085;467;13;2025-04-01;4;1254.56;753.04;Store
4086;162;4;2025-11-07;3;1254.37;630.56;Online
4087;31;15;2025-10-02;4;1415.53;626.24;Online
4088;343;26;2025-11-21;1;161.3;128.06;Store
4089;498;11;2025-07-24;1;751.25;430.59;Store
4090;115;21;2025-06-26;5;1781.68;858.48;Online
4091;227;7;2025-10-21;4;1175.26;751.83;Store
4092;10;25;2025-10-01;1;711.85;412.76;Store
4093;64;30;2025-03-18;4;1321.37;648.46;Online
4094;55;21;2025-08-16;1;1753.79;841.95;Online
4095;175;13;2025-05-16;1;1321.87;764.7;Online
4096;306;4;2025-03-17;5;1224.07;654.34;Online
4097;89;26;2025-11-08;3;185.8;132.03;Store
4098;338;5;2025-08-01;2;1235.88;692.17;Store
4099;386;10;2025-09-26;3;892.15;597.14;Store
4100;370;16;2025-01-12;5;628.37;337.02;Store
4101;41;9;2025-03-30;2;1271.23;718.57;Partner
4102;181;4;2025-11-06;1;1318.54;626.27;Online
4103;482;20;2025-03-09;2;96.05;50.22;Store
4104;300;12;2025-05-09;1;254.63;218.89;Partner
4105;121;2;2025-06-03;2;1419.9;682.82;Store
4106;252;9;2025-10-08;4;1388.42;693.41;Store
4107;377;5;2025-08-06;3;1340.81;675.67;Online
4108;82;14;2025-09-20;2;1447.19;761.45;Online
4109;85;23;2025-12-30;4;1351.5;809.29;Online
4110;161;13;2025-01-04;4;1436.57;804.41;Online
4111;377;23;2025-09-23;4;1229.57;794.13;Online
4112;346;19;2025-01-13;2;554.44;459.57;Store
4113;467;26;2025-10-28;4;184.72;129.33;Store
4114;6;13;2025-05-19;4;1457.6;793.28;Online
4115;153;9;2025-08-22;1;1286.58;687.48;Online
4116;18;2;2025-12-02;5;1423.32;725.21;Online
4117;465;7;2025-12-30;1;1209.42;741.67;Store
4118;433;7;2025-03-29;1;1038.63;763.3;Online
4119;121;26;2025-01-15;1;165.37;123.34;Partner
4120;493;20;2025-09-04;3;90.86;51.97;Online
4121;48;24;2025-01-18;4;413.75;333.41;Online
4122;341;3;2025-02-09;1;106.52;86.47;Store
4123;493;15;2025-10-26;3;1321.68;635.9;Online
4124;486;27;2025-06-19;2;825.06;531.84;Store
4125;392;7;2025-10-19;1;1156.51;778.34;Store
4126;13;21;2025-10-17;1;1821.46;846.27;Partner
4127;484;23;2025-01-06;2;1346.86;831.73;Online
4128;407;17;2025-10-20;1;756.25;630.56;Online
4129;285;23;2025-04-21;2;1377.61;839.8;Store
4130;418;13;2025-03-17;5;1339.85;799.89;Online
4131;462;8;2025-02-21;3;838.34;407.35;Online
4132;336;5;2025-12-28;5;1303.84;654.28;Store
4133;423;19;2025-09-16;3;594.64;442.58;Online
4134;204;24;2025-02-11;4;470.72;330.21;Store
4135;172;14;2025-01-06;3;1349.66;769.55;Partner
4136;262;8;2025-03-11;4;858.51;407.65;Online
4137;500;22;2025-10-27;1;903.94;699.86;Store
4138;105;23;2025-07-08;2;1310.11;841.78;Online
4139;428;10;2025-06-22;3;990.14;583.87;Partner
4140;355;23;2025-06-19;2;1290.02;799.97;Store
4141;421;2;2025-03-24;2;1322.61;731.51;Online
4142;130;15;2025-12-04;2;1242.84;632.86;Store
4143;108;19;2025-05-05;2;619.01;440.53;Store
4144;149;2;2025-05-27;4;1496.02;723.84;Online
4145;210;16;2025-06-19;4;663.02;325.61;Online
4146;118;3;2025-03-04;2;99.35;89.89;Online
4147;332;6;2025-09-21;1;933.53;696.97;Store
4148;375;24;2025-04-01;3;443.67;346.87;Online
4149;479;17;2025-07-26;1;875.43;619.6;Online
4150;31;20;2025-03-08;1;89.5;51.96;Store
4151;168;22;2025-01-17;2;973.0;653.42;Store
4152;208;18;2025-05-12;1;1051.63;682.61;Online
4153;447;1;2025-06-14;2;142.34;91.45;Online
4154;395;16;2025-11-03;4;633.61;324.37;Online
4155;484;8;2025-08-21;1;835.86;411.37;Store
4156;114;26;2025-01-07;2;171.39;132.91;Online
4157;257;30;2025-12-28;4;1187.87;625.61;Online
4158;427;25;2025-07-12;1;700.79;428.59;Store
4159;378;23;2025-04-13;1;1269.14;825.47;Store
4160;338;22;2025-06-01;2;1035.54;676.23;Online
4161;201;27;2025-09-08;2;848.62;513.7;Store
4162;199;10;2025-07-03;2;861.27;600.1;Online
4163;301;10;2025-10-16;1;907.33;592.38;Store
4164;396;21;2025-11-07;2;1732.09;815.4;Online
4165;277;27;2025-06-19;2;866.99;504.0;Store
4166;6;22;2025-11-19;3;1010.37;654.01;Store
4167;281;15;2025-10-11;2;1222.65;624.53;Partner
4168;205;10;2025-01-31;2;868.03;595.0;Store
4169;27;28;2025-07-05;2;1139.83;591.26;Online
4170;92;19;2025-02-17;5;542.48;454.49;Store
4171;297;18;2025-10-11;3;1116.18;696.93;Online
4172;161;12;2025-08-14;3;241.11;215.06;Partner
4173;280;16;2025-07-03;1;708.31;322.59;Store
4174;452;4;2025-05-17;4;1249.94;631.97;Partner
4175;487;18;2025-01-28;1;1024.63;682.29;Online
4176;363;16;2025-12-14;2;706.69;336.15;Partner
4177;321;16;2025-05-21;2;665.46;325.93;Online
4178;237;26;2025-04-16;3;167.66;127.72;Online
4179;134;17;2025-03-24;1;869.42;620.52;Online
4180;136;23;2025-02-19;5;1379.37;823.83;Online
4181;256;20;2025-12-10;4;98.19;50.33;Store
4182;444;9;2025-11-13;1;1315.83;685.64;Online
4183;486;12;2025-01-22;3;261.12;209.47;Store
4184;77;6;2025-11-10;1;940.89;667.87;Online
4185;358;20;2025-05-14;1;88.66;51.39;Store
4186;371;16;2025-12-05;5;612.39;328.47;Online
4187;58;2;2025-07-22;5;1443.86;690.12;Online
4188;14;7;2025-10-17;3;1108.3;790.0;Online
4189;481;11;2025-07-01;5;741.08;409.3;Online
4190;122;27;2025-08-31;3;824.35;524.72;Partner
4191;99;16;2025-03-09;1;654.64;335.23;Online
4192;91;10;10/03/2025;3;910.26;610.42;Online
4193;147;22;2025-08-19;2;909.09;678.1;Online
4194;94;24;2025-12-24;3;414.89;343.39;Partner
4195;124;9;2025-09-08;5;1291.12;685.19;Online
4196;245;8;2025-09-04;5;868.75;421.25;Store
4197;374;21;2025-11-03;3;1789.64;861.53;Online
4198;290;11;2025-08-12;2;686.74;410.6;Online
4199;143;12;2025-12-17;1;270.82;219.5;Online
4200;89;29;2025-03-13;5;877.65;555.21;Online
4201;276;14;2025-04-28;3;1439.52;764.11;Store
4202;110;29;2025-10-23;2;884.54;591.09;Online
4203;150;25;2025-06-19;1;638.87;443.89;Online
4204;21;14;2025-12-16;5;1371.9;737.76;Online
4205;355;16;2025-09-21;1;607.37;337.42;Online
4206;218;18;2025-07-13;1;1124.57;717.44;Online
4207;252;11;2025-04-10;1;646.29;403.45;Online
4208;82;5;2025-07-11;1;1196.67;687.74;Online
4209;236;17;2025-11-20;2;800.58;609.25;Online
4210;31;17;2025-04-02;1;763.26;639.42;Store
4211;205;2;2025-11-02;5;1306.18;683.5;Online
4212;434;28;2025-03-29;1;1246.74;618.99;Online
4213;122;11;2025-07-02;1;719.8;412.65;Online
4214;369;2;2025-12-05;4;1433.66;707.63;Online
4215;365;11;2025-10-08;1;641.28;422.27;Online
4216;426;1;2025-06-25;1;135.47;92.42;Store
4217;255;13;2025-04-28;2;1381.02;787.74;Store
4218;394;25;2025-01-19;4;720.95;440.08;Online
4219;365;18;2025-10-24;3;1063.89;702.18;Partner
4220;45;16;2025-04-24;1;646.86;320.41;Online
4221;287;17;2025-07-26;2;814.09;595.51;Online
4222;147;1;2025-04-22;2;146.64;89.19;Partner
4223;64;19;2025-07-08;1;574.99;443.9;Online
4224;156;28;2025-08-21;3;1245.2;617.98;Partner
4225;3;27;2025-01-04;1;760.86;513.85;Online
4226;499;16;2025-09-24;1;692.27;316.42;Store
4227;68;12;2025-08-24;1;271.57;214.22;Store
4228;472;27;2025-07-20;1;771.16;502.49;Online
4229;20;29;2025-08-09;4;806.08;585.27;Partner
4230;352;7;2025-02-05;1;1203.28;778.06;Online
4231;491;15;2025-06-09;1;1351.7;647.82;Online
4232;306;24;2025-02-18;2;466.95;347.2;Online
4233;299;9;2025-12-27;1;1435.28;721.08;Online
4234;90;30;2025-02-08;4;1157.87;622.24;Online
4235;52;4;2025-08-16;5;1356.68;615.41;Online
4236;347;7;2025-06-08;2;1087.56;784.66;Store
4237;84;28;2025-04-20;1;1162.78;626.87;Online
4238;401;12;2025-12-16;5;268.13;221.28;Online
4239;139;18;2025-08-13;2;1113.62;689.09;Store
4240;161;12;2025-02-03;2;272.02;219.79;Online
4241;243;19;2025-01-12;2;561.16;441.86;Store
4242;499;24;2025-04-22;5;439.06;340.66;Online
4243;167;30;2025-03-31;4;1339.26;639.09;Online
4244;422;18;2025-07-04;1;1093.35;686.54;Online
4245;423;12;2025-01-01;5;265.97;219.57;Online
4246;272;23;2025-08-03;2;1204.92;817.29;Online
4247;452;26;2025-12-11;4;166.5;129.41;Online
4248;497;5;2025-04-14;3;1330.04;686.27;Online
4249;285;16;2025-07-26;1;610.31;318.33;Online
4250;306;11;2025-02-10;1;718.24;410.51;Online
4251;242;29;2025-07-16;5;771.1;570.44;Online
4252;23;29;2025-03-14;1;767.3;587.07;Store
4253;272;8;2025-08-12;1;830.31;407.47;Online
4254;254;25;2025-12-05;4;702.8;433.55;Online
4255;157;11;2025-02-15;3;647.14;404.29;Online
4256;229;22;2025-08-04;2;973.56;678.45;Store
4257;123;4;2025-06-19;2;1385.18;645.28;Online
4258;256;7;2025-09-24;5;1119.82;787.45;Store
4259;151;26;2025-11-02;1;172.29;125.83;Online
4260;263;9;2025-06-19;2;1354.03;720.63;Online
4261;354;9;2025-01-23;1;1420.88;684.83;Store
4262;87;11;2025-10-07;2;726.02;416.48;Store
4263;90;28;2025-03-10;1;1155.28;632.75;Store
4264;82;19;2025-02-17;1;568.43;471.54;Store
4265;245;9;2025-04-19;1;1443.72;717.37;Partner
4266;444;13;2025-10-03;1;1312.36;780.62;Online
4267;230;3;2025-10-13;1;102.99;91.1;Online
4268;296;14;2025-09-19;3;1319.23;755.33;Store
4269;30;18;2025-05-29;2;1190.53;735.18;Store
4270;59;13;2025-01-09;2;1368.98;769.56;Online
4271;186;25;2025-03-22;1;726.38;443.86;Online
4272;298;4;2025-11-26;5;1247.72;651.01;Online
4273;5;8;2025-10-03;1;812.82;428.9;Online
4274;36;6;2025-08-19;3;938.15;687.79;Store
4275;157;1;2025-02-05;4;148.56;94.8;Store
4276;98;29;2025-11-19;2;859.59;587.01;Online
4277;391;28;2025-01-10;4;1263.33;605.4;Store
4278;208;10;2025-12-24;5;841.3;594.39;Online
4279;497;22;2025-03-21;1;1046.32;699.8;Online
4280;203;25;2025-07-02;3;670.94;421.93;partner 
4281;425;2;2025-06-05;2;1396.47;702.86;Partner
4282;462;1;2025-09-23;4;150.51;93.79;Online
4283;11;6;2025-04-11;4;906.36;712.16;Online
4284;51;17;2025-10-13;2;835.53;631.52;Online
4285;94;6;2025-01-14;1;816.44;679.59;Online
4286;401;11;2025-06-11;3;729.88;411.04;Online
4287;169;23;2025-04-11;2;1249.12;822.25;Partner
4288;295;12;2025-07-16;5;244.79;208.41;Online
4289;433;24;2025-01-18;2;457.07;356.12;Online
4290;483;4;2025-04-03;3;1256.31;641.43;Store
4291;262;15;2025-12-29;1;1345.37;621.42;Online
4292;40;16;2025-12-29;1;604.41;331.48;Online
4293;378;12;2025-08-13;5;238.42;209.24;Store
4294;280;4;2025-11-07;5;1364.6;638.73;Online
4295;138;11;2025-10-05;4;639.94;424.97;Store
4296;357;22;2025-07-16;1;1024.17;691.75;Online
4297;339;27;2025-06-12;1;870.22;500.51;Online
4298;19;21;2025-05-04;1;1641.2;806.81;Store
4299;198;2;2025-11-18;3;1406.79;706.62;Online
4300;221;9;2025-11-02;5;1444.83;736.94;Store
4301;298;25;2025-07-14;5;674.19;441.0;Online
4302;16;4;2025-04-01;2;1313.73;634.19;Online
4303;150;17;2025-01-23;4;793.33;610.12;Store
4304;231;20;2025-01-24;4;87.51;48.53;Partner
4305;380;2;2025-08-04;3;1343.16;701.71;Store
4306;455;13;2025-09-05;1;1423.66;752.03;Online
4307;458;17;2025-08-12;2;832.74;613.31;Online
4308;331;11;2025-10-10;5;635.03;430.61;Online
4309;283;11;2025-10-10;3;680.39;419.96;Partner
4310;32;26;2025-10-12;2;179.58;127.18;Store
4311;81;6;2025-12-04;1;875.15;678.23;Store
4312;82;4;2025-08-11;1;1365.47;637.35;Partner
4313;3;8;2025-09-12;1;772.11;413.28;Online
4314;492;24;2025-08-30;1;483.97;344.51;Store
4315;460;4;2025-01-23;1;1290.33;638.34;Online
4316;477;10;2025-09-02;1;996.19;578.23;Online
4317;386;11;2025-06-17;1;684.48;420.2;Store
4318;493;21;2025-01-22;1;1598.64;858.64;Online
4319;99;10;2025-11-02;2;953.31;573.14;Partner
4320;62;10;2025-09-29;5;883.6;599.35;Online
4321;407;26;2025-11-30;2;184.27;130.85;Store
4322;105;8;2025-08-27;1;915.9;429.1;Online
4323;418;7;2025-08-25;1;1078.4;751.87;Store
4324;88;3;2025-02-10;5;117.37;87.34;Online
4325;281;16;2025-10-04;1;684.64;331.35;Online
4326;273;27;2025-08-13;1;756.15;537.91;Online
4327;101;2;2025-05-27;1;1342.53;702.29;Store
4328;489;11;2025-07-10;2;633.62;412.33;Partner
4329;123;24;2025-03-20;3;435.05;343.08;Store
4330;4;27;2025-03-17;3;798.73;500.61;Online
4331;330;1;2025-09-30;1;130.93;91.44;Store
4332;131;18;2025-03-23;2;1069.27;711.11;Partner
4333;248;14;2025-06-23;4;1376.74;760.8;Online
4334;132;21;2025-04-11;5;1719.55;856.42;Partner
4335;354;24;2025-02-03;1;410.9;353.82;Store
4336;211;29;2025-01-14;1;867.65;590.48;Store
4337;134;21;2025-03-17;1;1793.03;846.26;Online
4338;251;7;2025-07-09;5;1066.49;759.86;Store
4339;150;30;2025-12-30;3;1196.75;617.08;Online
4340;481;9;2025-03-20;4;1345.77;690.38;Store
4341;194;1;2025-05-17;1;142.3;88.77;Online
4342;234;30;2025-09-28;4;1297.0;647.98;Online
4343;370;26;2025-03-26;2;160.74;126.25;Online
4344;28;1;2025-08-18;1;138.8;91.65;Online
4345;222;17;2025-10-08;1;829.43;606.34;Online
4346;281;19;2025-02-11;3;537.47;459.81;Store
4347;399;7;2025-12-17;2;1127.78;785.76;Online
4348;35;29;2025-04-21;3;834.69;567.2;Store
4349;109;4;2025-03-07;2;1274.17;645.91;Store
4350;213;28;2025-12-03;1;1267.17;628.83;Store
4351;385;23;2025-08-08;1;1393.28;830.66;Store
4352;127;7;2025-01-29;1;1093.54;765.26;Online
4353;227;27;2025-04-14;1;745.34;510.96;Online
4354;83;13;2025-06-02;3;1481.03;763.29;Online
4355;492;24;2025-09-28;1;466.74;345.67;Store
4356;467;2;2025-05-24;5;1500.1;679.28;Online
4357;302;13;2025-04-08;1;1477.29;761.59;Online
4358;367;1;2025-09-15;2;152.02;92.8;Store
4359;191;2;2025-01-10;3;1364.46;704.52;Store
4360;189;30;2025-09-21;3;1279.51;635.88;Online
4361;334;17;2025-01-04;3;844.8;624.42;Online
4362;312;7;2025-10-04;1;1178.96;793.08;Online
4363;493;21;2025-08-19;3;1634.0;818.82;Online
4364;319;28;2025-07-24;1;1195.34;606.11;Store
4365;354;7;2025-08-03;5;1104.44;790.36;Store
4366;274;13;2025-06-12;3;1375.33;759.36;Store
4367;294;18;2025-07-30;2;1170.6;718.66;Online
4368;402;10;2025-08-29;1;930.47;579.5;Online
4369;246;24;2025-09-17;1;423.97;352.89;Store
4370;166;23;2025-05-22;1;1333.35;852.37;Online
4371;121;3;2025-05-29;1;115.95;87.34;Online
4372;137;17;2025-03-02;5;786.94;620.18;Partner
4373;195;7;2025-01-08;2;1050.78;750.22;Online
4374;446;10;2025-04-11;1;966.59;587.12;Online
4375;414;21;2025-10-18;5;1676.89;810.51;Online
4376;475;26;2025-08-03;4;172.23;124.69;Online
4377;127;21;2025-08-21;1;1609.84;827.47;Store
4378;479;30;2025-02-12;1;1329.86;637.13;Store
4379;493;26;2025-12-31;2;159.61;125.89;Store
4380;213;17;2025-10-14;1;827.43;607.78;Online
4381;310;25;2025-02-12;2;652.67;424.16;Partner
4382;404;6;2025-04-12;1;846.53;669.71;Online
4383;278;1;2025-02-27;1;146.47;89.7;Online
4384;490;22;2025-01-12;1;931.85;706.43;Store
4385;242;20;2025-07-19;2;97.99;49.08;Online
4386;177;25;2025-02-26;1;687.11;410.36;Online
4387;370;20;2025-10-25;2;91.51;49.13;Online
4388;133;22;2025-01-25;1;998.67;680.65;Online
4389;190;11;2025-09-02;4;679.62;402.27;Partner
4390;28;4;2025-03-20;4;1211.06;630.46;Online
4391;121;1;2025-02-09;3;136.91;92.21;Store
4392;151;18;2025-08-05;2;1091.03;684.45;Partner
4393;108;18;2025-03-01;3;1111.69;702.87;Online
4394;42;6;2025-03-30;2;829.38;668.83;Online
4395;23;14;2025-03-21;2;1476.53;759.4;Online
4396;453;23;2025-04-12;2;1310.19;849.59;Online
4397;216;18;2025-10-10;1;1031.77;706.51;Online
4398;466;1;2025-10-25;2;138.18;91.43;Online
4399;201;13;2025-09-21;2;1354.43;795.17;Partner
4400;249;1;2025-08-02;2;151.92;92.83;Partner
4401;345;22;2025-10-02;3;908.84;667.63;Store
4402;258;16;2025-09-07;4;715.01;321.61;Online
4403;189;27;2025-04-15;4;849.86;523.07;Partner
4404;322;11;2025-04-04;1;649.12;414.0;Store
4405;481;14;2025-01-20;2;1370.95;766.28;Online
4406;2;16;2025-02-24;1;654.16;327.45;Store
4407;197;16;2025-02-21;5;704.19;323.89;Online
4408;308;2;2025-08-22;1;1318.8;727.73;Partner
4409;360;7;2025-10-04;4;1205.61;757.15;Store
4410;132;30;2025-04-21;5;1292.17;632.83;Online
4411;337;30;2025-08-02;1;1225.9;627.39;Online
4412;443;4;14/08/2025;4;1325.66;633.25;Online
4413;101;18;2025-06-21;4;1203.14;729.24;Online
4414;168;26;2025-01-26;2;177.19;130.04;Online
4415;16;15;2025-03-05;3;1282.77;652.86;Online
4416;137;18;2025-10-16;4;1029.1;695.43;Online
4417;228;4;2025-03-20;1;1382.59;613.37;Store
4418;402;2;2025-05-03;1;1359.9;731.98;Online
4419;383;10;2025-12-08;2;929.44;594.4;Online
4420;354;6;2025-03-29;2;891.09;711.27;Store
4421;374;21;2025-06-06;2;1758.06;848.31;Online
4422;238;29;2025-07-25;1;840.99;579.49;Store
4423;305;4;2025-06-20;5;1239.78;619.37;Store
4424;354;8;2025-04-29;2;837.52;429.39;Store
4425;480;11;2025-10-12;4;660.52;419.93;Store
4426;194;22;2025-01-11;3;1039.28;682.76;Partner
4427;172;5;2025-07-04;1;1335.17;661.44;Online
4428;93;24;2025-05-02;2;425.77;334.56;Online
4429;458;10;2025-08-13;1;972.45;578.69;Store
4430;202;30;2025-03-10;1;1342.02;623.69;Store
4431;28;30;2025-12-10;4;1180.33;627.04;Online
4432;388;29;2025-08-12;1;827.16;569.85;Online
4433;446;13;2025-01-08;1;1386.58;777.13;Online
4434;2;16;2025-06-12;1;687.3;329.35;Online
4435;202;7;2025-03-04;1;1200.3;786.1;Online
4436;222;11;2025-05-24;1;716.57;405.81;Partner
4437;494;2;2025-07-30;5;1281.34;695.79;Online
4438;166;8;2025-05-23;5;836.74;402.6;Partner
4439;135;8;2025-05-08;1;772.27;413.9;Partner
4440;153;1;2025-02-06;3;136.9;89.86;Store
4441;320;23;2025-01-16;2;1237.8;791.93;Store
4442;312;18;2025-09-02;2;1066.78;724.76;Online
4443;223;20;2025-08-14;3;86.14;50.43;Online
4444;269;18;2025-11-14;5;1132.65;685.7;Online
4445;219;19;2025-03-22;1;613.58;447.28;Online
4446;391;7;2025-04-09;5;1174.57;765.78;Online
4447;482;28;2025-09-23;5;1165.71;624.31;Partner
4448;247;10;2025-06-23;1;925.72;584.56;Store
4449;148;17;2025-04-03;1;794.83;627.53;Online
4450;6;11;2025-11-20;1;733.28;403.5;Online
4451;422;24;2025-09-03;1;465.19;340.13;Store
4452;26;6;2025-02-26;1;827.34;717.62;Store
4453;20;9;2025-08-29;1;1292.51;697.31;Online
4454;441;27;2025-10-21;1;858.79;499.31;Store
4455;440;13;2025-02-25;1;1434.36;766.66;Store
4456;494;23;2025-07-29;5;1382.69;807.25;Online
4457;176;21;2025-08-11;1;1751.87;821.87;Store
4458;208;11;2025-02-12;1;751.24;427.46;Online
4459;284;4;2025-05-04;3;1259.3;642.63;Store
4460;441;9;2025-02-08;1;1269.43;702.89;Store
4461;404;5;2025-11-20;5;1321.59;655.9;Online
4462;227;12;2025-03-21;2;258.62;208.45;Online
4463;199;5;2025-12-12;1;1306.54;698.05;Store
4464;418;30;2025-10-23;2;1192.04;658.18;Online
4465;343;4;2025-01-07;5;1359.51;658.96;Online
4466;162;24;2025-01-11;1;438.13;354.25;Online
4467;329;21;2025-06-29;5;1851.17;806.66;Online
4468;243;28;2025-03-13;2;1182.6;590.98;Online
4469;8;29;2025-07-14;2;867.43;563.92;Online
4470;252;17;2025-04-12;5;785.09;610.73;Online
4471;201;2;2025-09-04;2;1400.43;678.3;Store
4472;274;2;2025-09-17;3;1460.38;724.94;Store
4473;29;17;2025-02-23;1;804.63;598.88;Store
4474;216;1;2025-01-16;2;143.09;93.0;Online
4475;163;14;2025-09-29;2;1510.95;763.72;Online
4476;283;26;2025-07-25;1;166.04;124.29;Online
4477;110;20;2025-03-13;2;95.52;50.77;Online
4478;289;17;2025-07-14;3;815.89;616.28;Online
4479;295;17;2025-08-01;1;866.35;604.79;Online
4480;174;23;2025-05-30;4;1339.17;822.13;Partner
4481;380;12;2025-06-02;2;260.03;213.94;Online
4482;416;29;2025-01-23;1;774.64;573.22;Online
4483;255;22;2025-10-29;5;1014.83;705.96;Online
4484;171;7;2025-03-14;1;1195.86;745.59;Online
4485;217;13;2025-05-26;1;1397.75;805.9;Online
4486;88;17;2025-07-10;1;775.45;609.77;Online
4487;483;17;2025-02-15;3;861.28;603.79;Store
4488;117;21;2025-02-19;1;1690.1;807.91;Online
4489;140;9;2025-05-17;1;1472.66;735.3;Online
4490;336;23;2025-12-11;5;1285.65;825.62;Store
4491;202;28;2025-09-24;4;1095.67;622.38;Online
4492;171;8;2025-08-15;2;872.08;403.91;Online
4493;117;22;2025-10-06;1;1042.7;677.36;Store
4494;337;3;2025-04-07;5;116.14;86.7;Store
4495;175;24;2025-01-24;1;456.72;352.93;Online
4496;251;28;2025-12-17;1;1274.38;635.2;Online
4497;321;13;2025-05-03;2;1456.98;760.66;Online
4498;380;24;2025-01-22;2;458.9;345.03;Partner
4499;43;5;2025-05-14;5;1286.14;693.15;Online
4500;450;20;2025-02-21;4;95.13;48.54;Online
4501;432;4;2025-11-30;1;1372.6;660.36;Store
4502;9;4;2025-05-09;1;1296.21;618.4;Store
4503;418;6;2025-11-18;1;903.46;673.36;Online
4504;362;16;2025-08-08;1;664.27;328.74;Store
4505;145;7;2025-07-21;1;1170.3;736.45;Online
4506;110;9;2025-08-27;1;1264.08;740.59;Online
4507;151;17;2025-07-21;1;744.74;631.43;Store
4508;369;30;2025-10-22;1;1160.1;650.07;Online
4509;101;2;2025-05-17;1;1285.97;724.87;Store
4510;44;20;2025-02-09;2;94.84;51.03;Store
4511;297;16;2025-01-28;5;633.47;331.98;Store
4512;443;27;2025-08-16;5;790.0;526.31;Online
4513;452;20;2025-08-20;1;89.3;52.18;Store
4514;317;15;2025-12-13;1;1303.97;622.01;Online
4515;175;28;2025-08-19;2;1100.89;622.56;Online
4516;220;12;2025-12-16;1;240.8;215.7;Store
4517;409;15;2025-03-29;4;1425.32;655.92;Partner
4518;170;28;2025-01-08;4;1143.38;596.27;Store
4519;10;26;2025-02-09;4;177.35;131.62;Store
4520;86;20;2025-03-15;1;89.93;48.64;Online
4521;96;17;2025-10-27;1;874.83;616.69;Store
4522;93;5;2025-06-12;4;1266.85;674.78;Store
4523;137;17;2025-08-12;2;850.59;634.16;Online
4524;268;28;2025-11-17;1;1139.14;602.92;Online
4525;27;10;2025-09-18;4;928.21;610.64;Online
4526;468;19;2025-09-01;1;581.67;454.28;Store
4527;8;23;2025-01-03;1;1235.84;818.91;Online
4528;138;21;2025-12-12;2;1837.73;871.3;Online
4529;309;28;2025-12-09;4;1113.38;628.35;Online
4530;204;22;2025-05-06;3;1048.97;693.79;Store
4531;246;10;2025-07-08;5;944.45;601.59;Store
4532;82;4;2025-12-14;1;1402.85;658.61;Store
4533;290;15;2025-06-27;1;1333.55;635.13;Partner
4534;214;18;2025-01-31;2;1123.16;734.41;Store
4535;478;7;2025-06-09;2;1131.4;753.09;Store
4536;418;9;2025-01-15;2;1361.39;711.19;Online
4537;82;21;2025-09-01;1;1672.84;857.45;Partner
4538;285;2;2025-09-17;1;1492.66;686.3;Partner
4539;440;25;2025-01-28;1;632.14;443.38;Online
4540;270;17;2025-04-06;1;829.93;635.8;Store
4541;309;2;2025-11-01;2;1426.02;689.26;Store
4542;319;19;2025-02-17;1;632.42;456.56;Online
4543;261;3;2025-04-07;1;104.69;87.46;Store
4544;337;20;2025-08-01;1;93.87;51.39;Online
4545;191;30;2025-03-07;1;1142.95;615.47;Online
4546;95;15;2025-05-01;1;1343.09;660.67;Store
4547;325;21;2025-10-17;3;1808.13;838.92;Online
4548;8;10;2025-11-20;1;928.37;587.55;Online
4549;283;9;2025-07-17;4;1316.45;708.86;Online
4550;429;6;2025-01-15;4;802.58;682.06;Partner
4551;276;15;2025-06-12;2;1360.63;624.93;Online
4552;240;13;2025-08-06;1;1298.73;788.42;Online
4553;71;4;2025-07-25;2;1312.65;642.96;Online
4554;45;22;2025-11-25;4;986.36;698.08;Online
4555;239;3;2025-03-05;2;107.34;91.45;Online
4556;366;10;2025-05-22;5;878.03;595.47;Online
4557;391;29;2025-03-01;1;858.34;579.0;Partner
4558;364;30;2025-03-21;4;1152.77;637.76;Store
4559;140;20;2025-03-14;5;95.33;49.75;Online
4560;281;10;2025-05-23;3;915.25;567.56;Store
4561;333;2;2025-11-22;2;1377.47;706.16;Online
4562;495;23;2025-05-12;4;1351.86;853.61;Online
4563;364;5;2025-07-03;1;1321.39;653.67;Partner
4564;115;18;2025-04-18;4;1110.54;723.24;Online
4565;415;17;2025-02-06;4;777.85;637.99;Store
4566;121;23;2025-11-27;1;1212.0;796.28;Store
4567;436;5;2025-11-20;5;1375.06;646.6;Store
4568;210;8;2025-05-28;1;804.36;425.98;Partner
4569;486;2;2025-10-08;1;1374.15;707.21;Online
4570;295;25;2025-09-17;5;668.1;439.32;Store
4571;104;18;2025-10-10;4;1118.12;712.71;Online
4572;356;22;2025-07-16;1;937.75;678.65;Online
4573;468;8;2025-10-23;1;896.52;418.1;Online
4574;213;26;2025-05-18;4;161.12;128.95;Online
4575;167;17;2025-03-14;3;744.86;619.8;Online
4576;444;17;2025-07-16;1;861.08;621.27;Online
4577;36;24;2025-12-30;1;457.94;343.45;Online
4578;75;8;2025-10-13;1;877.44;421.88;Online
4579;299;4;2025-06-24;5;1254.67;627.4;Store
4580;65;2;2025-11-04;5;1270.16;725.51;Online
4581;246;5;2025-02-20;2;1377.7;673.19;Online
4582;221;29;2025-02-09;1;760.98;555.95;Store
4583;498;5;2025-05-12;1;1371.26;677.59;Online
4584;181;18;2025-11-25;1;1122.33;700.73;Store
4585;222;23;2025-01-06;1;1224.37;814.74;Store
4586;252;24;2025-11-20;4;488.24;352.23;Partner
4587;152;19;2025-05-10;1;597.09;447.57;Online
4588;362;10;2025-04-27;1;952.11;582.44;Online
4589;363;28;2025-01-13;2;1126.27;600.05;Online
4590;453;28;2025-11-30;1;1278.86;600.63;Store
4591;402;1;2025-06-24;2;139.64;90.71;Partner
4592;56;22;2025-07-29;1;1025.87;659.79;Partner
4593;210;13;2025-06-03;1;1308.06;760.39;Partner
4594;439;10;2025-08-13;1;968.93;575.46;Online
4595;174;21;2025-09-23;1;1839.39;843.48;Online
4596;435;15;2025-09-10;1;1335.38;643.97;Store
4597;151;14;2025-02-01;4;1299.42;778.61;Online
4598;93;26;2025-08-30;2;160.93;126.85;Partner
4599;479;26;2025-02-24;3;169.31;129.17;Online
4600;269;20;19/08/2025;1;95.8;51.32;Online
4601;126;20;2025-10-31;1;85.06;49.44;Online
4602;247;7;2025-06-15;3;1186.34;761.97;Partner
4603;367;27;2025-09-27;1;799.28;534.89;Online
4604;299;12;2025-02-16;5;268.36;220.79;Store
4605;443;6;2025-04-25;3;915.27;678.84;Online
4606;192;6;2025-01-01;3;898.66;715.4;Online
4607;244;19;2025-08-04;1;630.83;460.52;Store
4608;258;9;2025-04-23;1;1269.73;730.83;Online
4609;382;25;2025-01-30;1;684.68;419.17;Online
4610;437;17;2025-05-17;1;806.14;624.11;Online
4611;436;17;2025-11-26;3;756.5;611.78;Online
4612;95;1;2025-06-09;1;145.26;88.88;Store
4613;197;23;2025-03-11;1;1323.18;792.19;Online
4614;499;30;2025-01-06;2;1136.13;657.07;Partner
4615;319;17;2025-12-12;3;855.7;630.64;Online
4616;283;25;2025-02-21;2;650.94;410.45;Online
4617;477;3;2025-08-24;1;107.77;92.0;Online
4618;134;9;2025-08-11;4;1351.88;727.68;Online
4619;356;19;2025-03-31;1;570.67;462.96;Online
4620;392;6;2025-07-26;2;895.64;694.4;Store
4621;287;22;2025-10-16;1;1051.69;697.19;Online
4622;176;15;2025-02-15;1;1422.81;634.4;Online
4623;404;28;2025-06-12;2;1111.03;618.17;Store
4624;134;11;2025-10-23;2;709.56;416.46;Partner
4625;13;16;2025-10-13;3;691.82;319.78;Online
4626;352;30;2025-05-19;3;1216.05;614.9;Online
4627;391;1;2025-10-31;2;144.32;89.44;Store
4628;47;29;2025-07-11;5;874.23;574.15;Online
4629;112;16;2025-11-03;1;698.87;333.84;Store
4630;148;7;2025-04-15;1;1213.09;745.16;Online
4631;30;19;2025-04-21;3;546.66;447.89;Store
4632;353;28;2025-08-07;2;1247.79;603.3;Store
4633;439;17;2025-06-14;4;855.1;608.54;Online
4634;300;25;2025-12-23;1;701.18;426.41;Online
4635;265;21;2025-11-20;2;1847.87;819.94;Online
4636;138;4;2025-08-23;1;1359.99;630.38;Online
4637;468;30;2025-09-18;1;1207.72;658.4;Store
4638;346;10;2025-05-08;5;918.49;565.89;Online
4639;403;29;2025-03-01;1;871.16;555.86;Online
4640;323;26;2025-01-25;5;159.32;124.89;Store
4641;187;16;2025-05-08;2;622.4;340.88;Online
4642;206;8;2025-08-20;1;789.26;416.3;Online
4643;378;19;2025-03-06;1;546.33;472.07;Online
4644;341;10;2025-10-29;1;934.14;602.01;Store
4645;317;24;2025-03-17;1;488.01;335.55;Online
4646;390;16;2025-06-09;1;651.13;321.32;Store
4647;247;23;2025-09-27;2;1288.3;811.77;Store
4648;267;16;2025-03-10;2;613.01;321.92;Online
4649;237;21;2025-06-12;4;1888.51;834.49;Online
4650;438;23;2025-05-04;1;1315.64;835.72;Online
4651;451;9;2025-11-13;1;1394.5;700.09;Online
4652;114;5;2025-08-11;4;1358.24;693.18;Store
4653;318;5;2025-01-09;1;1271.58;672.79;Store
4654;431;7;2025-04-06;5;1100.17;769.28;Store
4655;53;16;2025-03-21;4;686.66;336.82;Store
4656;313;12;2025-05-03;1;269.6;216.49;Store
4657;410;13;2025-05-25;1;1352.25;810.82;Online
4658;473;9;2025-06-02;1;1371.11;701.12;Store
4659;77;5;2025-01-26;1;1173.6;647.26;Store
4660;265;28;2025-09-09;4;1263.08;592.02;Partner
4661;138;14;2025-10-05;4;1434.8;744.5;Online
4662;361;4;2025-07-09;2;1323.1;661.7;Online
4663;247;18;2025-10-02;2;1029.04;700.45;Online
4664;36;15;2025-05-20;1;1218.72;629.88;Store
4665;229;25;2025-03-19;1;697.26;441.57;Online
4666;481;4;2025-06-13;1;1248.04;653.16;Store
4667;448;17;2025-07-16;1;859.53;604.17;Online
4668;246;3;2025-07-20;4;112.46;89.76;Store
4669;341;5;2025-08-19;2;1342.14;693.82;Online
4670;15;4;2025-04-13;5;1299.98;628.17;Online
4671;67;1;2025-02-15;2;145.77;89.98;Online
4672;72;16;2025-12-06;2;635.05;321.91;Store
4673;125;30;2025-08-22;1;1282.61;657.84;Online
4674;189;28;2025-03-17;2;1198.6;613.99;Online
4675;316;24;2025-08-25;3;418.48;345.11;Partner
4676;92;27;2025-05-14;3;762.16;511.86;Online
4677;481;25;2025-08-31;4;728.88;412.46;Partner
4678;291;29;2025-05-27;3;881.29;573.9;Online
4679;38;5;2025-07-05;1;1169.15;681.84;Online
4680;96;2;2025-03-17;1;1427.06;730.52;Online
4681;438;24;2025-06-03;5;467.1;349.47;Store
4682;328;30;2025-09-13;1;1301.13;635.03;Online
4683;19;23;2025-12-04;4;1390.0;851.7;Store
4684;47;16;2025-04-17;5;624.15;318.24;Online
4685;316;18;2025-01-21;3;1185.89;683.41;Store
4686;383;19;2025-03-07;5;570.22;462.79;Store
4687;470;16;2025-10-27;1;605.63;319.13;Online
4688;223;20;2025-05-12;2;93.95;48.66;Online
4689;305;23;2025-10-28;4;1352.87;840.18;Partner
4690;21;29;2025-06-18;3;799.48;554.51;Store
4691;403;13;2025-02-01;1;1294.24;808.77;Online
4692;407;24;2025-08-26;5;465.52;331.47;Store
4693;348;20;2025-09-20;1;92.62;49.05;Store
4694;212;28;2025-06-22;2;1281.26;609.06;Store
4695;398;24;2025-02-08;1;483.32;354.56;Online
4696;86;24;2025-09-02;1;413.29;335.46;Online
4697;118;2;2025-08-15;1;1496.72;705.65;Store
4698;304;7;2025-10-24;1;1194.54;755.42;Online
4699;373;30;2025-10-12;1;1233.49;646.16;Online
4700;127;22;2025-09-02;2;925.96;675.99;Online
4701;285;20;2025-05-10;5;94.78;50.03;Partner
4702;393;24;2025-12-12;1;420.13;335.73;Online
4703;63;15;2025-05-16;1;1438.31;638.96;Online
4704;118;30;2025-03-06;2;1146.14;618.11;Store
4705;285;15;2025-03-19;2;1409.48;649.54;Store
4706;237;23;2025-07-16;3;1222.25;823.04;Online
4707;28;17;2025-06-22;2;832.77;613.86;Online
4708;473;12;2025-02-14;5;250.21;219.07;Store
4709;175;12;2025-03-20;4;275.19;219.57;Partner
4710;293;14;2025-05-07;5;1499.32;769.12;Store
4711;418;22;2025-12-29;2;991.26;675.3;Store
4712;77;10;2025-11-15;3;919.14;581.98;Online
4713;214;8;2025-09-05;3;823.6;399.76;Online
4714;378;11;2025-05-02;1;667.92;422.87;Store
4715;52;29;2025-03-28;1;798.37;557.39;Store
4716;389;1;2025-02-05;1;145.13;90.88;Online
4717;264;20;2025-10-03;4;88.85;49.62;Online
4718;303;3;2025-12-31;1;107.45;86.9;Online
4719;372;21;2025-10-09;4;1629.85;843.56;Partner
4720;406;9;2025-11-22;3;1293.79;737.46;Online
4721;115;9;2025-05-19;5;1417.04;696.79;Store
4722;111;27;2025-08-08;2;756.11;508.22;Partner
4723;303;5;2025-02-09;1;1192.35;650.67;Online
4724;65;12;2025-04-08;1;239.92;207.25;Online
4725;108;6;2025-05-05;3;794.64;683.12;Online
4726;176;23;2025-04-03;3;1418.72;809.51;Online
4727;488;2;2025-01-01;1;1502.78;709.91;Store
4728;350;30;2025-08-30;4;1219.18;658.36;Online
4729;402;4;2025-05-09;2;1421.48;651.67;Online
4730;483;26;2025-07-08;2;178.6;126.57;Online
4731;264;10;2025-10-23;5;997.55;577.82;Online
4732;236;3;2025-02-17;4;108.89;89.27;Online
4733;285;3;2025-09-09;5;109.82;86.9;Online
4734;1;8;2025-07-03;1;776.07;422.34;Online
4735;68;12;2025-10-05;2;247.81;214.77;Store
4736;410;8;2025-09-15;4;807.88;404.82;Online
4737;302;21;2025-06-13;2;1820.42;814.89;Store
4738;183;1;2025-01-08;1;145.7;88.68;Online
4739;197;17;2025-03-25;3;845.01;601.88;Online
4740;358;12;2025-09-02;1;247.16;212.45;Online
4741;62;16;2025-02-03;1;634.39;323.11;Online
4742;445;24;2025-03-04;1;422.86;352.97;Online
4743;96;6;2025-07-22;4;892.97;718.34;Store
4744;334;21;2025-01-26;1;1732.49;813.97;Online
4745;298;28;2025-08-02;1;1265.35;613.97;Online
4746;139;26;2025-05-23;2;171.4;128.27;Online
4747;445;4;2025-10-24;3;1413.23;647.13;Store
4748;117;26;2025-08-03;1;181.23;131.03;Online
4749;139;13;2025-01-13;3;1479.38;811.95;Online
4750;392;24;2025-10-10;2;479.62;347.47;Partner
4751;129;30;2025-09-19;1;1344.0;649.08;Online
4752;67;1;2025-05-28;3;135.95;89.95;Online
4753;137;1;2025-02-07;2;150.47;88.47;Store
4754;336;5;2025-09-06;4;1247.27;688.25;Store
4755;135;27;2025-02-21;2;802.92;499.15;Online
4756;301;16;2025-07-13;2;615.04;330.3;Online
4757;303;18;2025-03-03;3;1096.04;710.26;Online
4758;300;23;2025-07-30;4;1258.67;808.46;Store
4759;206;24;2025-12-25;1;444.81;338.17;Store
4760;446;5;2025-08-13;4;1307.93;689.89;Partner
4761;179;15;2025-04-17;3;1376.8;657.82;Online
4762;115;4;2025-01-09;5;1221.07;660.65;Online
4763;278;15;2025-02-23;5;1369.02;644.68;Online
4764;408;9;2025-04-26;1;1396.6;709.11;Online
4765;453;12;2025-04-22;5;271.63;213.94;Partner
4766;395;14;2025-08-07;1;1378.36;775.82;Online
4767;127;7;2025-07-01;5;1185.26;780.54;Store
4768;381;21;2025-07-23;1;1815.29;822.62;Online
4769;360;30;2025-06-26;1;1137.09;629.7;Store
4770;218;30;2025-06-14;1;1216.52;651.2;Store
4771;297;8;2025-04-12;1;856.94;399.83;Store
4772;222;9;2025-06-07;4;1420.19;721.27;Store
4773;73;3;2025-05-07;1;108.77;90.83;Store
4774;386;12;2025-01-22;4;243.31;208.01;Online
4775;27;28;2025-04-06;2;1182.84;623.86;Online
4776;410;4;2025-09-27;1;1236.2;634.96;Online
4777;60;24;2025-10-31;4;484.3;335.13;Online
4778;302;2;2025-07-01;1;1414.8;701.65;Store
4779;194;26;2025-08-15;1;186.34;123.62;Partner
4780;82;20;2025-10-03;1;88.86;49.53;Store
4781;411;7;2025-10-29;4;1100.65;794.19;Online
4782;448;21;2025-12-10;4;1650.84;811.11;Online
4783;283;21;2025-09-25;4;1668.08;864.06;Partner
4784;271;24;2025-05-31;1;417.8;356.94;Store
4785;435;19;2025-09-09;5;538.4;467.89;Store
4786;421;26;2025-11-14;4;172.52;123.91;Partner
4787;300;23;2025-07-03;1;1417.69;811.83;Online
4788;452;30;2025-01-25;3;1322.14;658.97;Online
4789;104;9;2025-06-07;4;1376.13;716.69;Online
4790;446;1;2025-07-03;1;145.87;94.05;Online
4791;218;6;2025-01-11;2;909.99;672.36;Online
4792;188;22;2025-04-28;2;999.71;700.38;Online
4793;321;5;2025-08-04;1;1322.44;692.96;Store
4794;15;30;2025-08-13;3;1193.17;626.95;Store
4795;359;21;2025-07-22;2;1745.87;833.77;Online
4796;361;20;2025-09-11;3;95.56;49.73;Store
4797;84;10;2025-03-12;1;967.82;610.72;Partner
4798;41;4;2025-04-29;1;1385.11;652.77;Online
4799;30;1;2025-12-23;2;131.13;90.32;Store
4800;248;5;2025-12-31;3;1298.96;667.91;Online
4801;242;28;2025-01-03;2;1268.04;607.82;Store
4802;419;29;2025-04-04;1;791.25;595.74;Online
4803;179;9;2025-03-13;5;1279.27;719.36;Store
4804;402;24;2025-08-22;2;414.37;352.68;Store
4805;24;8;2025-02-24;1;844.8;402.42;Store
4806;275;28;2025-02-17;1;1275.39;626.65;Store
4807;228;30;2025-01-26;1;1330.1;618.99;Online
4808;388;17;2025-11-24;1;849.56;617.91;Online
4809;197;18;2025-10-21;1;1064.09;692.07;Partner
4810;146;24;2025-03-08;2;463.22;347.48;Online
4811;61;3;2025-04-20;2;103.84;91.51;Online
4812;52;18;2025-12-09;2;1171.54;735.38;Online
4813;25;2;2025-06-23;3;1296.1;683.87;Store
4814;241;4;2025-05-16;1;1310.26;634.9;Partner
4815;61;9;2025-07-02;2;1425.97;731.53;Online
4816;111;19;2025-09-11;2;565.61;444.69;Store
4817;347;9;2025-05-05;1;1393.21;693.9;Online
4818;112;14;2025-09-30;5;1473.56;742.57;Online
4819;155;30;2025-11-29;3;1279.86;616.8;Online
4820;265;9;2025-05-01;4;1475.2;695.61;Store
4821;452;27;2025-03-04;5;799.05;508.23;Partner
4822;140;9;2025-04-10;1;1304.35;714.9;Online
4823;175;18;2025-12-01;5;1124.45;736.2;Partner
4824;461;24;2025-06-03;2;480.78;344.9;Online
4825;201;28;2025-01-06;2;1271.98;606.88;Online
4826;499;23;2025-06-06;3;1292.45;848.87;Online
4827;6;1;2025-02-12;3;131.94;91.77;Online
4828;108;8;2025-08-24;5;785.53;423.58;Store
4829;223;6;2025-10-16;5;823.21;694.73;Store
4830;336;23;2025-09-11;1;1384.4;854.33;Online
4831;324;20;2025-12-25;1;88.23;50.38;Online
4832;408;21;2025-03-30;1;1586.17;835.29;Online
4833;265;17;2025-04-02;2;763.35;606.67;Online
4834;297;18;2025-02-12;1;1165.62;717.33;Online
4835;88;1;2025-12-15;1;138.53;90.69;Partner
4836;377;5;2025-07-11;1;1346.23;694.27;Online
4837;264;17;2025-09-26;1;859.72;623.77;Online
4838;311;10;2025-10-11;2;956.38;569.28;Online
4839;146;2;2025-06-23;4;1316.09;728.55;Online
4840;340;14;2025-11-04;1;1410.17;743.79;Online
4841;117;6;2025-10-27;1;916.63;679.89;Store
4842;139;26;2025-08-14;3;158.68;128.89;Store
4843;147;11;2025-08-22;1;672.21;413.58;Online
4844;129;8;2025-01-24;3;838.84;406.8;Partner
4845;179;9;2025-09-20;1;1302.81;701.57;Online
4846;247;2;2025-04-06;4;1478.9;695.83;Store
4847;119;18;2025-12-08;4;1079.32;716.23;Online
4848;270;1;2025-12-28;4;137.76;91.51;Online
4849;238;27;2025-03-11;2;759.39;522.56;Online
4850;409;8;2025-05-03;3;911.12;423.49;Online
4851;439;10;2025-06-04;4;881.94;600.03;Online
4852;374;27;2025-10-29;1;866.51;514.33;Store
4853;239;6;2025-01-30;2;839.85;667.09;Online
4854;436;6;2025-06-18;5;916.15;707.03;Online
4855;25;8;2025-01-24;1;799.03;416.82;Store
4856;386;6;2025-01-14;1;811.61;691.72;Online
4857;300;13;2025-03-15;1;1268.44;794.9;Partner
4858;21;6;2025-08-30;1;837.75;709.54;Online
4859;244;18;2025-01-25;2;1210.03;683.87;Online
4860;259;12;2025-04-09;2;238.51;221.83;Store
4861;461;28;2025-08-25;5;1189.36;629.17;Store
4862;323;11;2025-10-10;3;749.4;424.82;Store
4863;78;7;2025-03-13;4;1116.16;772.08;Store
4864;51;16;2025-02-09;1;680.68;322.67;Online
4865;154;4;2025-01-18;2;1235.2;629.5;Partner
4866;202;14;2025-09-08;5;1404.32;734.29;Store
4867;369;11;2025-12-09;5;664.96;426.74;Online
4868;267;26;2025-05-30;1;177.05;124.34;Store
4869;356;8;2025-03-17;2;866.09;414.39;Store
4870;457;21;2025-03-27;1;1821.35;834.22;Store
4871;320;7;2025-06-21;2;1201.88;790.38;Partner
4872;331;22;2025-04-16;1;972.26;663.2;Store
4873;334;5;2025-10-13;5;1203.33;647.85;Store
4874;485;7;2025-06-19;1;1147.93;792.99;Online
4875;374;13;2025-09-13;1;1376.51;770.77;Store
4876;220;15;2025-03-03;5;1367.46;649.6;Online
4877;135;10;2025-08-26;1;918.96;574.46;Online
4878;275;12;2025-10-02;1;243.78;215.73;Store
4879;143;7;2025-06-30;4;1041.14;794.67;Online
4880;189;15;2025-08-27;3;1321.89;635.67;Online
4881;358;30;2025-10-24;4;1239.88;656.37;Online
4882;134;16;2025-10-14;2;637.51;340.17;Store
4883;76;28;2025-04-28;3;1160.86;624.51;Online
4884;248;26;2025-07-22;1;182.67;130.34;Online
4885;228;5;2025-11-04;2;1226.93;691.19;Online
4886;348;13;2025-01-18;1;1273.1;766.86;Store
4887;394;22;2025-02-02;5;965.8;665.75;Online
4888;180;15;2025-06-20;1;1211.75;645.65;Online
4889;273;17;24/11/2025;2;847.62;613.4;Store
4890;470;11;2025-05-10;1;670.82;399.89;Online
4891;229;23;2025-07-12;4;1244.67;798.42;Online
4892;458;30;2025-07-16;1;1223.91;617.84;Store
4893;27;14;2025-11-16;1;1399.42;766.19;Online
4894;42;30;2025-01-04;4;1242.58;661.64;Store
4895;331;12;2025-06-05;4;256.18;215.8;Online
4896;256;25;2025-10-27;5;658.12;432.03;Store
4897;232;27;2025-07-23;2;760.95;505.94;Online
4898;34;4;2025-01-19;1;1231.74;656.04;Online
4899;27;12;2025-08-08;4;246.96;218.8;Store
4900;401;11;2025-07-15;2;672.31;413.59;Store
4901;480;11;2025-11-11;2;693.59;400.45;Online
4902;398;17;2025-04-22;1;844.8;639.01;Store
4903;248;10;2025-04-16;2;942.7;597.25;Partner
4904;42;15;2025-07-15;1;1295.46;661.77;Store
4905;359;26;2025-12-24;3;187.16;128.28;Partner
4906;373;27;2025-05-08;4;867.15;519.18;Store
4907;107;17;2025-07-13;4;853.35;631.8;Online
4908;217;24;2025-10-13;5;461.38;342.17;Store
4909;62;24;2025-11-02;2;456.91;348.45;Store
4910;451;10;2025-04-22;1;980.98;609.21;Online
4911;413;28;2025-11-14;2;1117.16;623.35;Online
4912;483;4;2025-07-31;5;1328.58;625.52;Online
4913;398;18;2025-06-11;3;1093.42;703.7;Online
4914;467;19;2025-06-02;5;574.8;472.15;Partner
4915;216;11;2025-02-16;1;706.81;429.42;Online
4916;421;6;2025-09-03;3;916.31;671.15;Online
4917;189;8;2025-03-27;5;870.02;414.31;Store
4918;214;17;2025-11-29;5;777.94;595.95;Online
4919;16;7;2025-07-14;4;1144.89;751.77;Store
4920;435;16;2025-04-10;2;620.81;342.18;Store
4921;205;26;2025-02-28;4;173.07;123.29;Store
4922;301;4;2025-10-12;5;1265.97;630.61;Online
4923;230;16;2025-12-28;3;690.65;335.98;Partner
4924;260;15;2025-05-26;2;1415.19;629.3;Online
4925;94;1;2025-10-10;3;147.66;90.28;Online
4926;365;2;2025-05-28;2;1311.81;722.4;Partner
4927;215;24;2025-02-11;4;489.52;349.95;Online
4928;370;25;2025-05-18;2;671.66;411.41;Store
4929;92;27;2025-09-10;3;791.3;522.93;Store
4930;394;23;2025-01-13;2;1274.49;817.43;Partner
4931;228;6;2025-09-12;4;822.27;720.3;Online
4932;220;23;2025-05-05;3;1369.04;843.05;Online
4933;177;9;2025-11-12;1;1423.8;723.41;Online
4934;498;24;2025-10-06;1;438.1;340.65;Store
4935;158;1;2025-02-05;5;147.77;92.54;Online
4936;190;24;2025-12-30;4;450.69;337.75;Online
4937;35;13;2025-05-13;1;1413.52;771.97;Store
4938;464;14;2025-12-11;3;1517.08;750.24;Online
4939;149;17;2025-03-15;2;856.06;636.79;Store
4940;187;30;2025-03-06;1;1182.41;628.76;Store
4941;398;7;2025-12-25;1;1234.08;753.34;Online
4942;38;11;2025-04-18;1;637.29;409.71;Online
4943;237;25;2025-02-22;2;708.09;435.21;Store
4944;308;28;2025-01-09;2;1103.94;589.69;Online
4945;334;25;2025-10-25;2;636.64;414.8;Partner
4946;466;16;2025-02-18;1;703.78;335.02;Online
4947;99;14;2025-02-06;3;1366.07;783.29;Store
4948;260;20;2025-06-20;3;98.47;48.54;Online
4949;237;24;2025-05-16;1;465.27;343.49;Online
4950;468;7;2025-11-02;4;1072.31;743.9;Online
4951;419;4;2025-01-09;3;1439.26;649.82;Store
4952;357;12;2025-12-31;5;273.05;220.59;Online
4953;332;4;2025-10-24;1;1268.17;616.19;Partner
4954;374;6;2025-04-17;1;928.33;719.05;Online
4955;200;9;2025-01-24;4;1489.64;721.51;Online
4956;238;21;2025-07-26;4;1619.07;835.01;Store
4957;61;22;2025-03-05;1;1026.35;688.75;Online
4958;120;11;2025-05-08;1;754.36;405.7;Store
4959;300;16;2025-09-02;5;713.64;341.29;Store
4960;41;13;2025-11-18;1;1319.26;791.22;Online
4961;394;14;2025-05-24;1;1473.25;730.27;Online
4962;82;18;2025-10-28;2;1201.27;718.95;Store
4963;379;10;2025-03-01;1;957.68;572.67;Store
4964;43;29;2025-01-07;1;863.73;573.85;Online
4965;379;13;2025-10-18;3;1479.75;769.36;Store
4966;242;11;2025-12-06;1;710.17;424.73;Store
4967;119;29;2025-02-02;1;;567.16;Store
4968;116;2;2025-09-14;1;1453.14;697.86;Store
4969;311;30;2025-10-09;2;1246.55;663.4;Store
4970;205;6;2025-02-14;4;871.34;709.66;Store
4971;176;7;2025-03-01;4;1038.43;788.07;Store
4972;103;30;2025-02-12;1;1225.73;622.57;Online
4973;301;11;2025-03-31;2;686.4;431.47;Online
4974;363;13;2025-03-01;3;1308.95;795.6;Store
4975;116;22;2025-10-02;3;1037.12;706.38;Online
4976;87;15;2025-06-08;4;1210.76;642.63;Store
4977;91;6;2025-04-26;2;913.22;670.05;Online
4978;283;25;2025-12-11;4;690.56;424.39;Online
4979;413;25;2025-01-21;1;729.21;436.56;Online
4980;334;20;2025-11-14;5;96.6;50.95;Online
4981;270;21;2025-06-01;3;1764.8;823.74;Partner
4982;231;16;2025-11-29;1;629.44;323.55;Online
4983;177;7;2025-10-04;2;1076.53;750.7;Online
4984;403;11;2025-09-15;2;682.28;423.53;Online
4985;311;21;2025-09-15;1;1718.23;812.04;Online
4986;224;19;2025-01-26;4;591.1;454.16;Online
4987;327;29;2025-07-24;1;759.2;559.62;Partner
4988;43;28;2025-07-18;1;1083.01;625.01;Online
4989;5;1;2025-01-17;2;141.03;90.9;Store
4990;469;22;2025-02-16;2;898.09;654.02;Partner
4991;121;6;2025-06-12;2;808.23;678.99;Online
4992;488;8;2025-05-06;3;823.22;424.59;Store
4993;437;8;2025-11-12;4;907.09;402.62;Store
4994;324;19;2025-01-15;3;537.53;441.4;Online
4995;392;3;2025-05-21;1;115.47;87.86;Online
4996;478;9;2025-02-11;2;1447.78;731.75;Online
4997;350;12;2025-11-08;1;277.36;211.91;Online
4998;374;13;2025-10-14;1;1321.43;808.4;Online
4999;230;8;2025-06-23;1;803.59;430.06;Store
5000;387;28;2025-11-20;4;1212.82;614.96;Online
50;56;16;2025-10-29;2;620.48;332.21;Online
900;284;11;2025-02-19;3;696.5;403.89;Store
2100;106;2;2025-04-23;2;1306.52;712.8;Partner
4100;370;16;2025-01-12;5;628.37;337.02;Store
